id,device_id,user_id,project_id,start_time,end_time,duration_minutes,created_at
1,4,26,6,2026-03-25 17:05:00,2026-03-25 19:47:00,162,2026-03-25 19:47:00
2,2,29,3,2026-03-11 16:46:00,2026-03-11 17:37:00,51,2026-03-11 17:37:00
3,10,2,1,2026-04-16 16:53:00,2026-04-16 20:37:00,224,2026-04-16 20:37:00
4,24,57,2,2026-01-14 16:56:00,2026-01-14 18:01:00,65,2026-01-14 18:01:00
5,23,15,7,2026-02-22 15:35:00,2026-02-22 18:52:00,197,2026-02-22 18:52:00
6,17,44,8,2026-05-23 12:28:00,2026-05-23 16:28:00,240,2026-05-23 16:28:00
7,20,57,9,2026-02-21 14:09:00,2026-02-21 17:55:00,226,2026-02-21 17:55:00
8,6,9,4,2026-02-26 11:35:00,2026-02-26 12:56:00,81,2026-02-26 12:56:00
9,17,1,9,2026-03-11 11:59:00,2026-03-11 13:32:00,93,2026-03-11 13:32:00
10,20,50,5,2026-04-04 11:19:00,2026-04-04 13:12:00,113,2026-04-04 13:12:00
11,21,7,6,2026-01-07 16:03:00,2026-01-07 19:06:00,183,2026-01-07 19:06:00
12,4,34,9,2026-05-30 17:15:00,2026-05-30 17:56:00,41,2026-05-30 17:56:00
13,3,34,5,2026-05-23 11:34:00,2026-05-23 14:32:00,178,2026-05-23 14:32:00
14,11,26,4,2026-04-30 13:29:00,2026-04-30 16:39:00,190,2026-04-30 16:39:00
15,25,17,9,2026-05-01 08:05:00,2026-05-01 12:09:00,244,2026-05-01 12:09:00
16,11,37,6,2026-04-05 16:19:00,2026-04-05 19:21:00,182,2026-04-05 19:21:00
17,20,5,11,2026-04-28 09:44:00,2026-04-28 10:52:00,68,2026-04-28 10:52:00
18,12,22,1,2026-01-14 11:48:00,2026-01-14 16:15:00,267,2026-01-14 16:15:00
19,13,48,2,2026-05-23 17:34:00,2026-05-23 20:35:00,181,2026-05-23 20:35:00
20,14,23,7,2026-06-03 14:40:00,2026-06-03 19:02:00,262,2026-06-03 19:02:00
21,13,41,9,2026-04-16 16:00:00,2026-04-16 17:08:00,68,2026-04-16 17:08:00
22,9,2,2,2026-04-04 13:50:00,2026-04-04 14:22:00,32,2026-04-04 14:22:00
23,2,46,3,2026-01-06 14:15:00,2026-01-06 17:57:00,222,2026-01-06 17:57:00
24,21,43,11,2026-01-08 09:54:00,2026-01-08 14:29:00,275,2026-01-08 14:29:00
25,11,4,4,2026-03-01 09:43:00,2026-03-01 12:53:00,190,2026-03-01 12:53:00
26,22,11,8,2026-03-20 17:34:00,2026-03-20 20:04:00,150,2026-03-20 20:04:00
27,19,9,1,2026-03-06 08:14:00,2026-03-06 10:32:00,138,2026-03-06 10:32:00
28,23,17,6,2026-05-01 10:21:00,2026-05-01 13:42:00,201,2026-05-01 13:42:00
29,9,6,12,2026-06-01 16:46:00,2026-06-01 17:45:00,59,2026-06-01 17:45:00
30,15,38,1,2026-05-09 10:10:00,2026-05-09 12:05:00,115,2026-05-09 12:05:00
31,20,19,8,2026-05-19 14:49:00,2026-05-19 19:21:00,272,2026-05-19 19:21:00
32,13,42,11,2026-03-31 13:15:00,2026-03-31 14:59:00,104,2026-03-31 14:59:00
33,18,18,1,2026-02-17 16:48:00,2026-02-17 18:58:00,130,2026-02-17 18:58:00
34,1,19,4,2026-04-20 11:53:00,2026-04-20 15:43:00,230,2026-04-20 15:43:00
35,3,45,11,2026-05-26 09:08:00,2026-05-26 12:09:00,181,2026-05-26 12:09:00
36,8,41,11,2026-01-20 09:22:00,2026-01-20 11:30:00,128,2026-01-20 11:30:00
37,11,44,7,2026-01-31 11:13:00,2026-01-31 12:28:00,75,2026-01-31 12:28:00
38,10,31,12,2026-05-08 16:56:00,2026-05-08 21:15:00,259,2026-05-08 21:15:00
39,18,54,12,2026-02-08 13:23:00,2026-02-08 17:18:00,235,2026-02-08 17:18:00
40,2,47,11,2026-02-01 10:58:00,2026-02-01 15:33:00,275,2026-02-01 15:33:00
41,18,60,8,2026-05-30 10:47:00,2026-05-30 12:34:00,107,2026-05-30 12:34:00
42,20,21,4,2026-01-05 09:05:00,2026-01-05 11:30:00,145,2026-01-05 11:30:00
43,5,22,1,2026-01-21 08:21:00,2026-01-21 11:22:00,181,2026-01-21 11:22:00
44,6,28,3,2026-01-04 17:59:00,2026-01-04 20:59:00,180,2026-01-04 20:59:00
45,11,52,3,2026-04-26 10:28:00,2026-04-26 13:21:00,173,2026-04-26 13:21:00
46,22,49,9,2026-03-14 12:10:00,2026-03-14 14:45:00,155,2026-03-14 14:45:00
47,22,2,11,2026-03-16 11:17:00,2026-03-16 13:33:00,136,2026-03-16 13:33:00
48,15,5,8,2026-01-03 17:44:00,2026-01-03 20:49:00,185,2026-01-03 20:49:00
49,8,60,3,2026-02-27 12:08:00,2026-02-27 13:12:00,64,2026-02-27 13:12:00
50,20,50,10,2026-03-30 09:35:00,2026-03-30 13:48:00,253,2026-03-30 13:48:00
51,19,40,1,2026-01-28 17:26:00,2026-01-28 21:02:00,216,2026-01-28 21:02:00
52,9,25,8,2026-01-14 13:40:00,2026-01-14 16:12:00,152,2026-01-14 16:12:00
53,18,54,8,2026-05-18 10:01:00,2026-05-18 13:03:00,182,2026-05-18 13:03:00
54,7,12,9,2026-04-21 15:58:00,2026-04-21 17:41:00,103,2026-04-21 17:41:00
55,25,13,2,2026-01-23 09:48:00,2026-01-23 14:11:00,263,2026-01-23 14:11:00
56,18,49,10,2026-04-24 12:43:00,2026-04-24 13:50:00,67,2026-04-24 13:50:00
57,16,49,10,2026-01-11 13:06:00,2026-01-11 15:44:00,158,2026-01-11 15:44:00
58,20,31,9,2026-03-28 16:09:00,2026-03-28 18:25:00,136,2026-03-28 18:25:00
59,4,55,3,2026-03-06 10:48:00,2026-03-06 13:05:00,137,2026-03-06 13:05:00
60,18,47,9,2026-04-13 16:27:00,2026-04-13 21:10:00,283,2026-04-13 21:10:00
61,25,28,2,2026-02-18 10:51:00,2026-02-18 13:08:00,137,2026-02-18 13:08:00
62,23,13,2,2026-02-02 08:19:00,2026-02-02 12:59:00,280,2026-02-02 12:59:00
63,15,32,11,2026-06-02 10:09:00,2026-06-02 11:48:00,99,2026-06-02 11:48:00
64,11,53,3,2026-04-27 12:07:00,2026-04-27 14:19:00,132,2026-04-27 14:19:00
65,13,30,1,2026-05-23 17:04:00,2026-05-23 20:53:00,229,2026-05-23 20:53:00
66,7,25,11,2026-05-01 08:54:00,2026-05-01 09:42:00,48,2026-05-01 09:42:00
67,25,53,7,2026-02-04 16:51:00,2026-02-04 17:58:00,67,2026-02-04 17:58:00
68,18,12,3,2026-03-08 09:07:00,2026-03-08 12:00:00,173,2026-03-08 12:00:00
69,24,22,10,2026-04-04 14:36:00,2026-04-04 18:07:00,211,2026-04-04 18:07:00
70,12,27,7,2026-01-03 16:39:00,2026-01-03 17:56:00,77,2026-01-03 17:56:00
71,23,11,1,2026-02-04 13:19:00,2026-02-04 17:28:00,249,2026-02-04 17:28:00
72,14,41,7,2026-05-13 08:42:00,2026-05-13 11:29:00,167,2026-05-13 11:29:00
73,17,53,8,2026-04-16 09:15:00,2026-04-16 10:15:00,60,2026-04-16 10:15:00
74,16,42,9,2026-01-07 16:54:00,2026-01-07 18:40:00,106,2026-01-07 18:40:00
75,10,41,4,2026-02-10 10:56:00,2026-02-10 15:14:00,258,2026-02-10 15:14:00
76,9,2,8,2026-03-31 10:40:00,2026-03-31 14:52:00,252,2026-03-31 14:52:00
77,11,43,12,2026-03-10 14:12:00,2026-03-10 16:29:00,137,2026-03-10 16:29:00
78,2,42,3,2026-02-27 09:56:00,2026-02-27 12:04:00,128,2026-02-27 12:04:00
79,18,11,8,2026-02-07 16:36:00,2026-02-07 18:21:00,105,2026-02-07 18:21:00
80,17,16,10,2026-02-28 17:33:00,2026-02-28 19:57:00,144,2026-02-28 19:57:00
81,16,28,1,2026-03-04 09:42:00,2026-03-04 12:42:00,180,2026-03-04 12:42:00
82,25,19,9,2026-04-26 11:09:00,2026-04-26 12:26:00,77,2026-04-26 12:26:00
83,6,44,4,2026-06-03 10:05:00,2026-06-03 11:08:00,63,2026-06-03 11:08:00
84,10,50,9,2026-03-31 10:39:00,2026-03-31 11:57:00,78,2026-03-31 11:57:00
85,18,2,1,2026-04-17 15:49:00,2026-04-17 19:25:00,216,2026-04-17 19:25:00
86,19,36,12,2026-03-19 15:11:00,2026-03-19 19:23:00,252,2026-03-19 19:23:00
87,14,8,11,2026-03-16 12:07:00,2026-03-16 13:14:00,67,2026-03-16 13:14:00
88,12,52,4,2026-01-04 17:36:00,2026-01-04 21:38:00,242,2026-01-04 21:38:00
89,15,51,8,2026-04-06 08:37:00,2026-04-06 09:56:00,79,2026-04-06 09:56:00
90,10,30,10,2026-03-12 15:18:00,2026-03-12 15:50:00,32,2026-03-12 15:50:00
91,24,47,4,2026-03-27 16:41:00,2026-03-27 19:29:00,168,2026-03-27 19:29:00
92,15,18,9,2026-03-16 16:39:00,2026-03-16 20:26:00,227,2026-03-16 20:26:00
93,12,34,6,2026-02-06 12:01:00,2026-02-06 16:15:00,254,2026-02-06 16:15:00
94,19,29,8,2026-03-23 11:46:00,2026-03-23 13:11:00,85,2026-03-23 13:11:00
95,12,58,8,2026-04-21 09:58:00,2026-04-21 14:35:00,277,2026-04-21 14:35:00
96,1,37,10,2026-01-31 09:34:00,2026-01-31 10:25:00,51,2026-01-31 10:25:00
97,24,45,5,2026-03-04 16:01:00,2026-03-04 17:23:00,82,2026-03-04 17:23:00
98,20,7,9,2026-04-05 14:53:00,2026-04-05 15:30:00,37,2026-04-05 15:30:00
99,8,56,5,2026-05-22 09:46:00,2026-05-22 10:17:00,31,2026-05-22 10:17:00
100,4,28,11,2026-05-04 09:57:00,2026-05-04 13:56:00,239,2026-05-04 13:56:00
101,11,26,2,2026-04-17 09:22:00,2026-04-17 10:40:00,78,2026-04-17 10:40:00
102,23,41,12,2026-03-04 13:05:00,2026-03-04 13:50:00,45,2026-03-04 13:50:00
103,23,50,7,2026-04-04 13:23:00,2026-04-04 18:03:00,280,2026-04-04 18:03:00
104,6,41,2,2026-05-17 08:37:00,2026-05-17 09:44:00,67,2026-05-17 09:44:00
105,22,34,6,2026-01-28 12:37:00,2026-01-28 14:29:00,112,2026-01-28 14:29:00
106,15,42,12,2026-02-04 11:03:00,2026-02-04 14:14:00,191,2026-02-04 14:14:00
107,2,53,8,2026-02-20 11:20:00,2026-02-20 13:50:00,150,2026-02-20 13:50:00
108,2,10,4,2026-05-21 10:56:00,2026-05-21 13:21:00,145,2026-05-21 13:21:00
109,2,5,1,2026-05-13 15:13:00,2026-05-13 16:17:00,64,2026-05-13 16:17:00
110,3,51,1,2026-05-27 08:54:00,2026-05-27 09:36:00,42,2026-05-27 09:36:00
111,23,1,12,2026-04-06 08:28:00,2026-04-06 10:32:00,124,2026-04-06 10:32:00
112,3,42,4,2026-01-25 15:24:00,2026-01-25 19:54:00,270,2026-01-25 19:54:00
113,9,29,6,2026-02-25 15:08:00,2026-02-25 15:49:00,41,2026-02-25 15:49:00
114,10,29,1,2026-04-18 10:56:00,2026-04-18 14:30:00,214,2026-04-18 14:30:00
115,8,2,1,2026-01-22 15:14:00,2026-01-22 16:08:00,54,2026-01-22 16:08:00
116,15,52,4,2026-01-15 16:59:00,2026-01-15 19:16:00,137,2026-01-15 19:16:00
117,24,37,5,2026-01-08 10:57:00,2026-01-08 13:11:00,134,2026-01-08 13:11:00
118,23,4,10,2026-05-16 14:14:00,2026-05-16 15:44:00,90,2026-05-16 15:44:00
119,14,54,1,2026-01-26 15:00:00,2026-01-26 15:53:00,53,2026-01-26 15:53:00
120,12,25,10,2026-01-29 17:55:00,2026-01-29 21:40:00,225,2026-01-29 21:40:00
121,13,7,7,2026-05-10 09:49:00,2026-05-10 10:40:00,51,2026-05-10 10:40:00
122,23,2,6,2026-04-12 16:32:00,2026-04-12 19:24:00,172,2026-04-12 19:24:00
123,14,47,4,2026-05-18 09:08:00,2026-05-18 10:31:00,83,2026-05-18 10:31:00
124,20,49,1,2026-01-13 17:00:00,2026-01-13 19:57:00,177,2026-01-13 19:57:00
125,24,20,11,2026-01-31 13:21:00,2026-01-31 14:10:00,49,2026-01-31 14:10:00
126,4,44,12,2026-01-02 12:44:00,2026-01-02 16:23:00,219,2026-01-02 16:23:00
127,25,1,8,2026-01-25 09:50:00,2026-01-25 11:13:00,83,2026-01-25 11:13:00
128,9,51,4,2026-05-06 13:31:00,2026-05-06 16:15:00,164,2026-05-06 16:15:00
129,4,52,9,2026-02-05 14:24:00,2026-02-05 18:09:00,225,2026-02-05 18:09:00
130,18,52,3,2026-05-23 16:13:00,2026-05-23 20:01:00,228,2026-05-23 20:01:00
131,24,52,10,2026-04-20 15:05:00,2026-04-20 18:21:00,196,2026-04-20 18:21:00
132,1,30,9,2026-01-28 12:22:00,2026-01-28 13:55:00,93,2026-01-28 13:55:00
133,8,9,3,2026-05-01 11:29:00,2026-05-01 15:46:00,257,2026-05-01 15:46:00
134,14,14,1,2026-03-05 14:46:00,2026-03-05 18:13:00,207,2026-03-05 18:13:00
135,11,10,6,2026-05-05 11:15:00,2026-05-05 15:21:00,246,2026-05-05 15:21:00
136,19,31,5,2026-04-25 15:03:00,2026-04-25 18:28:00,205,2026-04-25 18:28:00
137,19,38,1,2026-05-29 09:12:00,2026-05-29 11:58:00,166,2026-05-29 11:58:00
138,11,48,3,2026-03-05 17:44:00,2026-03-05 21:27:00,223,2026-03-05 21:27:00
139,23,45,12,2026-01-08 13:02:00,2026-01-08 16:37:00,215,2026-01-08 16:37:00
140,21,20,12,2026-05-25 15:42:00,2026-05-25 17:50:00,128,2026-05-25 17:50:00
141,9,21,2,2026-03-29 16:45:00,2026-03-29 19:13:00,148,2026-03-29 19:13:00
142,12,31,6,2026-04-16 16:53:00,2026-04-16 19:49:00,176,2026-04-16 19:49:00
143,19,36,10,2026-04-21 09:03:00,2026-04-21 12:25:00,202,2026-04-21 12:25:00
144,2,11,8,2026-02-04 13:58:00,2026-02-04 14:41:00,43,2026-02-04 14:41:00
145,18,13,2,2026-01-29 15:41:00,2026-01-29 18:48:00,187,2026-01-29 18:48:00
146,10,9,1,2026-02-10 11:48:00,2026-02-10 13:49:00,121,2026-02-10 13:49:00
147,21,2,1,2026-04-24 11:01:00,2026-04-24 14:50:00,229,2026-04-24 14:50:00
148,9,48,10,2026-03-03 09:50:00,2026-03-03 12:24:00,154,2026-03-03 12:24:00
149,8,2,11,2026-01-25 17:18:00,2026-01-25 21:03:00,225,2026-01-25 21:03:00
150,19,23,6,2026-02-12 13:01:00,2026-02-12 16:48:00,227,2026-02-12 16:48:00
151,6,12,8,2026-03-04 12:29:00,2026-03-04 17:17:00,288,2026-03-04 17:17:00
152,7,49,7,2026-02-24 16:29:00,2026-02-24 18:53:00,144,2026-02-24 18:53:00
153,18,17,5,2026-03-14 15:17:00,2026-03-14 18:10:00,173,2026-03-14 18:10:00
154,4,40,3,2026-05-19 08:13:00,2026-05-19 12:34:00,261,2026-05-19 12:34:00
155,13,60,5,2026-02-15 09:21:00,2026-02-15 10:57:00,96,2026-02-15 10:57:00
156,11,49,12,2026-05-29 12:45:00,2026-05-29 14:59:00,134,2026-05-29 14:59:00
157,16,4,3,2026-02-27 14:45:00,2026-02-27 17:02:00,137,2026-02-27 17:02:00
158,13,40,7,2026-05-21 16:06:00,2026-05-21 18:45:00,159,2026-05-21 18:45:00
159,15,51,8,2026-06-04 11:00:00,2026-06-04 13:08:00,128,2026-06-04 13:08:00
160,5,49,8,2026-05-22 11:54:00,2026-05-22 12:36:00,42,2026-05-22 12:36:00
161,25,49,4,2026-02-19 13:30:00,2026-02-19 18:18:00,288,2026-02-19 18:18:00
162,5,23,7,2026-01-30 10:42:00,2026-01-30 13:12:00,150,2026-01-30 13:12:00
163,11,13,8,2026-04-08 15:26:00,2026-04-08 17:39:00,133,2026-04-08 17:39:00
164,3,22,6,2026-04-14 16:40:00,2026-04-14 21:09:00,269,2026-04-14 21:09:00
165,9,38,1,2026-03-04 08:17:00,2026-03-04 09:56:00,99,2026-03-04 09:56:00
166,1,9,1,2026-05-31 15:25:00,2026-05-31 16:09:00,44,2026-05-31 16:09:00
167,14,43,7,2026-02-17 09:48:00,2026-02-17 13:41:00,233,2026-02-17 13:41:00
168,24,41,8,2026-04-29 12:54:00,2026-04-29 16:33:00,219,2026-04-29 16:33:00
169,2,14,11,2026-03-22 12:22:00,2026-03-22 14:33:00,131,2026-03-22 14:33:00
170,11,12,12,2026-04-23 12:02:00,2026-04-23 15:01:00,179,2026-04-23 15:01:00
171,19,8,5,2026-06-01 11:29:00,2026-06-01 13:41:00,132,2026-06-01 13:41:00
172,23,35,9,2026-02-03 16:06:00,2026-02-03 17:10:00,64,2026-02-03 17:10:00
173,3,16,12,2026-05-09 14:52:00,2026-05-09 19:11:00,259,2026-05-09 19:11:00
174,24,24,7,2026-01-13 11:18:00,2026-01-13 13:10:00,112,2026-01-13 13:10:00
175,9,43,12,2026-02-08 16:11:00,2026-02-08 18:15:00,124,2026-02-08 18:15:00
176,10,56,7,2026-05-07 10:56:00,2026-05-07 11:35:00,39,2026-05-07 11:35:00
177,15,57,9,2026-02-15 12:13:00,2026-02-15 16:21:00,248,2026-02-15 16:21:00
178,9,23,2,2026-01-12 16:59:00,2026-01-12 17:51:00,52,2026-01-12 17:51:00
179,9,46,10,2026-02-05 13:05:00,2026-02-05 14:28:00,83,2026-02-05 14:28:00
180,10,3,12,2026-03-05 15:07:00,2026-03-05 18:32:00,205,2026-03-05 18:32:00
181,2,36,12,2026-03-02 16:05:00,2026-03-02 17:16:00,71,2026-03-02 17:16:00
182,25,18,10,2026-04-10 16:32:00,2026-04-10 19:37:00,185,2026-04-10 19:37:00
183,1,60,4,2026-03-16 13:46:00,2026-03-16 17:33:00,227,2026-03-16 17:33:00
184,11,15,9,2026-03-30 10:43:00,2026-03-30 11:35:00,52,2026-03-30 11:35:00
185,20,35,6,2026-02-04 17:42:00,2026-02-04 18:13:00,31,2026-02-04 18:13:00
186,10,42,11,2026-01-26 12:40:00,2026-01-26 15:14:00,154,2026-01-26 15:14:00
187,9,31,1,2026-03-18 14:31:00,2026-03-18 18:53:00,262,2026-03-18 18:53:00
188,14,23,4,2026-02-07 17:27:00,2026-02-07 21:04:00,217,2026-02-07 21:04:00
189,16,29,7,2026-04-08 11:58:00,2026-04-08 12:34:00,36,2026-04-08 12:34:00
190,9,27,7,2026-03-15 10:22:00,2026-03-15 14:26:00,244,2026-03-15 14:26:00
191,14,26,1,2026-03-11 11:25:00,2026-03-11 16:06:00,281,2026-03-11 16:06:00
192,22,7,12,2026-01-31 12:39:00,2026-01-31 14:12:00,93,2026-01-31 14:12:00
193,1,44,8,2026-01-10 12:14:00,2026-01-10 12:51:00,37,2026-01-10 12:51:00
194,7,33,5,2026-04-14 11:32:00,2026-04-14 13:47:00,135,2026-04-14 13:47:00
195,18,60,6,2026-01-07 10:53:00,2026-01-07 13:41:00,168,2026-01-07 13:41:00
196,16,15,11,2026-03-18 10:54:00,2026-03-18 15:03:00,249,2026-03-18 15:03:00
197,24,51,5,2026-02-16 08:22:00,2026-02-16 09:26:00,64,2026-02-16 09:26:00
198,17,24,10,2026-03-25 08:54:00,2026-03-25 09:27:00,33,2026-03-25 09:27:00
199,16,19,9,2026-04-18 15:05:00,2026-04-18 18:57:00,232,2026-04-18 18:57:00
200,20,34,12,2026-01-30 08:31:00,2026-01-30 11:37:00,186,2026-01-30 11:37:00
201,19,14,6,2026-02-14 08:38:00,2026-02-14 11:35:00,177,2026-02-14 11:35:00
202,11,47,10,2026-03-26 17:56:00,2026-03-26 20:57:00,181,2026-03-26 20:57:00
203,11,51,1,2026-03-18 10:03:00,2026-03-18 13:26:00,203,2026-03-18 13:26:00
204,14,33,5,2026-05-31 08:36:00,2026-05-31 11:54:00,198,2026-05-31 11:54:00
205,7,59,3,2026-04-07 15:29:00,2026-04-07 18:57:00,208,2026-04-07 18:57:00
206,11,39,2,2026-04-14 15:13:00,2026-04-14 15:52:00,39,2026-04-14 15:52:00
207,16,58,3,2026-03-17 10:27:00,2026-03-17 14:21:00,234,2026-03-17 14:21:00
208,11,25,1,2026-04-02 09:00:00,2026-04-02 10:45:00,105,2026-04-02 10:45:00
209,17,7,8,2026-03-24 08:09:00,2026-03-24 12:22:00,253,2026-03-24 12:22:00
210,16,26,10,2026-03-21 08:08:00,2026-03-21 12:53:00,285,2026-03-21 12:53:00
211,24,45,7,2026-03-02 15:29:00,2026-03-02 17:29:00,120,2026-03-02 17:29:00
212,21,3,3,2026-01-28 10:32:00,2026-01-28 12:01:00,89,2026-01-28 12:01:00
213,2,29,1,2026-02-22 16:52:00,2026-02-22 18:33:00,101,2026-02-22 18:33:00
214,3,30,12,2026-03-09 17:59:00,2026-03-09 21:41:00,222,2026-03-09 21:41:00
215,20,28,12,2026-04-26 11:17:00,2026-04-26 15:47:00,270,2026-04-26 15:47:00
216,19,45,1,2026-04-29 16:29:00,2026-04-29 19:32:00,183,2026-04-29 19:32:00
217,12,56,4,2026-04-27 12:50:00,2026-04-27 17:04:00,254,2026-04-27 17:04:00
218,13,8,4,2026-04-22 17:00:00,2026-04-22 18:56:00,116,2026-04-22 18:56:00
219,19,26,9,2026-01-05 11:45:00,2026-01-05 15:22:00,217,2026-01-05 15:22:00
220,2,13,2,2026-04-19 10:57:00,2026-04-19 13:20:00,143,2026-04-19 13:20:00
221,1,41,11,2026-03-25 17:34:00,2026-03-25 21:35:00,241,2026-03-25 21:35:00
222,15,42,4,2026-06-04 14:39:00,2026-06-04 16:41:00,122,2026-06-04 16:41:00
223,24,28,7,2026-02-22 12:44:00,2026-02-22 15:53:00,189,2026-02-22 15:53:00
224,10,39,8,2026-04-27 16:44:00,2026-04-27 20:58:00,254,2026-04-27 20:58:00
225,11,51,8,2026-02-13 10:02:00,2026-02-13 12:33:00,151,2026-02-13 12:33:00
226,3,29,2,2026-02-28 14:17:00,2026-02-28 18:52:00,275,2026-02-28 18:52:00
227,10,44,10,2026-04-08 15:01:00,2026-04-08 16:17:00,76,2026-04-08 16:17:00
228,4,25,11,2026-01-05 11:53:00,2026-01-05 16:38:00,285,2026-01-05 16:38:00
229,20,42,7,2026-03-04 11:42:00,2026-03-04 14:23:00,161,2026-03-04 14:23:00
230,15,53,3,2026-01-13 12:11:00,2026-01-13 13:35:00,84,2026-01-13 13:35:00
231,12,4,5,2026-04-05 09:23:00,2026-04-05 11:46:00,143,2026-04-05 11:46:00
232,10,19,5,2026-01-22 17:49:00,2026-01-22 19:35:00,106,2026-01-22 19:35:00
233,21,7,12,2026-04-10 17:30:00,2026-04-10 21:12:00,222,2026-04-10 21:12:00
234,19,8,5,2026-03-20 10:17:00,2026-03-20 14:24:00,247,2026-03-20 14:24:00
235,23,45,6,2026-05-03 13:07:00,2026-05-03 13:58:00,51,2026-05-03 13:58:00
236,23,27,3,2026-01-04 08:53:00,2026-01-04 10:44:00,111,2026-01-04 10:44:00
237,15,3,9,2026-04-08 09:19:00,2026-04-08 13:44:00,265,2026-04-08 13:44:00
238,6,51,3,2026-06-02 11:21:00,2026-06-02 15:12:00,231,2026-06-02 15:12:00
239,8,41,6,2026-02-14 09:05:00,2026-02-14 11:13:00,128,2026-02-14 11:13:00
240,9,29,7,2026-03-30 12:52:00,2026-03-30 15:13:00,141,2026-03-30 15:13:00
241,8,18,3,2026-02-03 13:30:00,2026-02-03 15:11:00,101,2026-02-03 15:11:00
242,16,44,11,2026-04-22 10:16:00,2026-04-22 11:31:00,75,2026-04-22 11:31:00
243,6,2,3,2026-02-18 08:44:00,2026-02-18 09:23:00,39,2026-02-18 09:23:00
244,5,22,2,2026-05-19 16:32:00,2026-05-19 18:28:00,116,2026-05-19 18:28:00
245,13,46,10,2026-05-02 08:30:00,2026-05-02 09:03:00,33,2026-05-02 09:03:00
246,9,39,4,2026-04-09 17:40:00,2026-04-09 18:14:00,34,2026-04-09 18:14:00
247,16,5,1,2026-04-11 10:39:00,2026-04-11 14:01:00,202,2026-04-11 14:01:00
248,5,10,1,2026-04-27 09:11:00,2026-04-27 12:05:00,174,2026-04-27 12:05:00
249,18,54,11,2026-04-15 10:30:00,2026-04-15 13:24:00,174,2026-04-15 13:24:00
250,20,38,8,2026-01-15 12:20:00,2026-01-15 13:02:00,42,2026-01-15 13:02:00
251,12,51,5,2026-02-11 13:08:00,2026-02-11 16:49:00,221,2026-02-11 16:49:00
252,19,32,5,2026-04-28 13:17:00,2026-04-28 17:44:00,267,2026-04-28 17:44:00
253,22,8,4,2026-03-01 10:56:00,2026-03-01 13:22:00,146,2026-03-01 13:22:00
254,9,31,8,2026-04-30 08:45:00,2026-04-30 09:28:00,43,2026-04-30 09:28:00
255,18,25,7,2026-01-10 10:20:00,2026-01-10 11:13:00,53,2026-01-10 11:13:00
256,11,40,5,2026-01-08 12:07:00,2026-01-08 16:26:00,259,2026-01-08 16:26:00
257,5,33,6,2026-02-12 15:59:00,2026-02-12 18:20:00,141,2026-02-12 18:20:00
258,22,29,9,2026-01-15 15:56:00,2026-01-15 18:37:00,161,2026-01-15 18:37:00
259,19,30,6,2026-03-05 08:48:00,2026-03-05 10:53:00,125,2026-03-05 10:53:00
260,16,10,3,2026-05-02 12:13:00,2026-05-02 13:46:00,93,2026-05-02 13:46:00
261,4,57,3,2026-05-12 17:35:00,2026-05-12 21:03:00,208,2026-05-12 21:03:00
262,18,30,10,2026-01-15 14:24:00,2026-01-15 15:27:00,63,2026-01-15 15:27:00
263,3,17,7,2026-05-02 12:11:00,2026-05-02 17:00:00,289,2026-05-02 17:00:00
264,25,57,8,2026-04-07 08:12:00,2026-04-07 10:55:00,163,2026-04-07 10:55:00
265,17,59,8,2026-05-24 14:37:00,2026-05-24 17:42:00,185,2026-05-24 17:42:00
266,6,33,8,2026-03-22 12:51:00,2026-03-22 17:32:00,281,2026-03-22 17:32:00
267,5,45,3,2026-05-23 10:57:00,2026-05-23 13:56:00,179,2026-05-23 13:56:00
268,23,3,12,2026-05-16 09:55:00,2026-05-16 14:35:00,280,2026-05-16 14:35:00
269,21,24,6,2026-02-03 13:55:00,2026-02-03 15:55:00,120,2026-02-03 15:55:00
270,21,4,6,2026-03-30 12:03:00,2026-03-30 16:29:00,266,2026-03-30 16:29:00
271,25,58,4,2026-01-13 14:04:00,2026-01-13 17:48:00,224,2026-01-13 17:48:00
272,21,16,7,2026-01-29 11:18:00,2026-01-29 12:58:00,100,2026-01-29 12:58:00
273,13,13,6,2026-01-17 08:51:00,2026-01-17 10:19:00,88,2026-01-17 10:19:00
274,19,57,1,2026-04-05 13:47:00,2026-04-05 18:08:00,261,2026-04-05 18:08:00
275,12,12,7,2026-03-09 11:49:00,2026-03-09 16:35:00,286,2026-03-09 16:35:00
276,9,35,5,2026-05-17 15:19:00,2026-05-17 16:21:00,62,2026-05-17 16:21:00
277,2,25,9,2026-04-22 13:12:00,2026-04-22 16:07:00,175,2026-04-22 16:07:00
278,19,21,11,2026-04-25 13:01:00,2026-04-25 13:49:00,48,2026-04-25 13:49:00
279,1,36,7,2026-04-19 10:42:00,2026-04-19 14:40:00,238,2026-04-19 14:40:00
280,21,9,2,2026-02-08 09:46:00,2026-02-08 11:31:00,105,2026-02-08 11:31:00
281,17,38,6,2026-03-26 14:39:00,2026-03-26 17:28:00,169,2026-03-26 17:28:00
282,3,37,11,2026-01-13 16:35:00,2026-01-13 20:34:00,239,2026-01-13 20:34:00
283,7,55,11,2026-03-04 12:39:00,2026-03-04 14:32:00,113,2026-03-04 14:32:00
284,8,10,4,2026-03-13 10:50:00,2026-03-13 15:31:00,281,2026-03-13 15:31:00
285,3,43,1,2026-01-23 17:17:00,2026-01-23 19:23:00,126,2026-01-23 19:23:00
286,1,25,8,2026-01-15 17:05:00,2026-01-15 18:30:00,85,2026-01-15 18:30:00
287,15,32,7,2026-04-02 17:17:00,2026-04-02 19:08:00,111,2026-04-02 19:08:00
288,6,45,2,2026-05-30 12:48:00,2026-05-30 15:18:00,150,2026-05-30 15:18:00
289,24,25,8,2026-04-30 14:40:00,2026-04-30 17:34:00,174,2026-04-30 17:34:00
290,19,3,12,2026-02-25 15:50:00,2026-02-25 18:56:00,186,2026-02-25 18:56:00
291,13,52,4,2026-04-22 08:41:00,2026-04-22 09:15:00,34,2026-04-22 09:15:00
292,10,56,9,2026-03-05 17:15:00,2026-03-05 19:55:00,160,2026-03-05 19:55:00
293,16,15,11,2026-06-02 12:38:00,2026-06-02 14:10:00,92,2026-06-02 14:10:00
294,17,5,5,2026-03-29 16:49:00,2026-03-29 17:43:00,54,2026-03-29 17:43:00
295,23,38,8,2026-01-03 14:09:00,2026-01-03 16:11:00,122,2026-01-03 16:11:00
296,24,19,1,2026-03-27 17:37:00,2026-03-27 21:02:00,205,2026-03-27 21:02:00
297,20,35,2,2026-03-08 08:41:00,2026-03-08 12:52:00,251,2026-03-08 12:52:00
298,6,1,7,2026-04-30 08:16:00,2026-04-30 09:35:00,79,2026-04-30 09:35:00
299,10,42,3,2026-04-24 08:50:00,2026-04-24 11:23:00,153,2026-04-24 11:23:00
300,12,44,11,2026-04-09 13:55:00,2026-04-09 18:18:00,263,2026-04-09 18:18:00
301,18,20,6,2026-03-14 11:41:00,2026-03-14 14:41:00,180,2026-03-14 14:41:00
302,2,47,6,2026-06-04 16:19:00,2026-06-04 17:29:00,70,2026-06-04 17:29:00
303,1,42,6,2026-05-18 12:04:00,2026-05-18 15:17:00,193,2026-05-18 15:17:00
304,7,15,12,2026-02-08 12:00:00,2026-02-08 16:09:00,249,2026-02-08 16:09:00
305,2,43,6,2026-03-06 11:20:00,2026-03-06 13:22:00,122,2026-03-06 13:22:00
306,11,57,6,2026-05-13 09:32:00,2026-05-13 11:51:00,139,2026-05-13 11:51:00
307,12,19,9,2026-03-21 09:10:00,2026-03-21 13:13:00,243,2026-03-21 13:13:00
308,17,25,6,2026-04-07 16:53:00,2026-04-07 20:26:00,213,2026-04-07 20:26:00
309,23,18,8,2026-02-23 15:29:00,2026-02-23 17:31:00,122,2026-02-23 17:31:00
310,3,9,10,2026-04-26 08:38:00,2026-04-26 10:48:00,130,2026-04-26 10:48:00
311,20,1,9,2026-03-17 17:27:00,2026-03-17 21:23:00,236,2026-03-17 21:23:00
312,21,14,4,2026-05-11 12:40:00,2026-05-11 16:40:00,240,2026-05-11 16:40:00
313,19,59,7,2026-05-18 13:14:00,2026-05-18 14:54:00,100,2026-05-18 14:54:00
314,20,9,7,2026-04-24 17:35:00,2026-04-24 19:36:00,121,2026-04-24 19:36:00
315,2,45,7,2026-03-14 16:19:00,2026-03-14 17:53:00,94,2026-03-14 17:53:00
316,9,32,7,2026-03-20 12:12:00,2026-03-20 16:29:00,257,2026-03-20 16:29:00
317,18,43,5,2026-03-18 09:40:00,2026-03-18 13:31:00,231,2026-03-18 13:31:00
318,8,22,2,2026-02-17 15:43:00,2026-02-17 18:12:00,149,2026-02-17 18:12:00
319,3,50,12,2026-03-16 10:20:00,2026-03-16 12:20:00,120,2026-03-16 12:20:00
320,19,46,2,2026-04-27 08:46:00,2026-04-27 13:33:00,287,2026-04-27 13:33:00
321,3,4,12,2026-05-31 13:18:00,2026-05-31 13:50:00,32,2026-05-31 13:50:00
322,22,54,1,2026-03-17 11:44:00,2026-03-17 15:46:00,242,2026-03-17 15:46:00
323,25,55,10,2026-02-05 09:36:00,2026-02-05 14:10:00,274,2026-02-05 14:10:00
324,5,12,4,2026-04-19 17:05:00,2026-04-19 20:04:00,179,2026-04-19 20:04:00
325,9,10,8,2026-02-25 16:46:00,2026-02-25 21:34:00,288,2026-02-25 21:34:00
326,22,23,3,2026-01-04 08:51:00,2026-01-04 10:24:00,93,2026-01-04 10:24:00
327,15,58,4,2026-01-30 16:10:00,2026-01-30 16:51:00,41,2026-01-30 16:51:00
328,22,5,12,2026-04-21 17:30:00,2026-04-21 21:49:00,259,2026-04-21 21:49:00
329,22,20,6,2026-03-01 10:28:00,2026-03-01 11:54:00,86,2026-03-01 11:54:00
330,17,15,4,2026-04-17 10:05:00,2026-04-17 11:53:00,108,2026-04-17 11:53:00
331,17,30,6,2026-05-22 13:56:00,2026-05-22 16:37:00,161,2026-05-22 16:37:00
332,10,25,11,2026-01-13 09:23:00,2026-01-13 13:37:00,254,2026-01-13 13:37:00
333,23,35,9,2026-01-28 14:49:00,2026-01-28 19:21:00,272,2026-01-28 19:21:00
334,23,59,10,2026-05-13 12:46:00,2026-05-13 15:39:00,173,2026-05-13 15:39:00
335,20,32,7,2026-02-15 17:27:00,2026-02-15 21:50:00,263,2026-02-15 21:50:00
336,15,16,10,2026-05-30 08:46:00,2026-05-30 10:52:00,126,2026-05-30 10:52:00
337,12,47,11,2026-05-08 10:43:00,2026-05-08 14:49:00,246,2026-05-08 14:49:00
338,3,47,12,2026-05-22 09:40:00,2026-05-22 10:47:00,67,2026-05-22 10:47:00
339,15,59,11,2026-04-07 09:38:00,2026-04-07 10:17:00,39,2026-04-07 10:17:00
340,20,39,1,2026-04-23 16:59:00,2026-04-23 18:00:00,61,2026-04-23 18:00:00
341,15,9,2,2026-01-10 09:12:00,2026-01-10 10:14:00,62,2026-01-10 10:14:00
342,25,34,12,2026-01-29 14:15:00,2026-01-29 15:54:00,99,2026-01-29 15:54:00
343,3,36,5,2026-04-19 11:10:00,2026-04-19 14:55:00,225,2026-04-19 14:55:00
344,14,43,6,2026-01-05 11:49:00,2026-01-05 15:52:00,243,2026-01-05 15:52:00
345,13,26,1,2026-01-27 08:21:00,2026-01-27 09:52:00,91,2026-01-27 09:52:00
346,20,4,12,2026-02-27 12:06:00,2026-02-27 12:43:00,37,2026-02-27 12:43:00
347,21,32,9,2026-02-17 12:03:00,2026-02-17 15:32:00,209,2026-02-17 15:32:00
348,9,35,8,2026-02-06 09:15:00,2026-02-06 11:16:00,121,2026-02-06 11:16:00
349,15,47,9,2026-05-09 15:58:00,2026-05-09 19:12:00,194,2026-05-09 19:12:00
350,3,49,9,2026-04-25 11:20:00,2026-04-25 15:04:00,224,2026-04-25 15:04:00
351,17,4,1,2026-05-12 13:58:00,2026-05-12 16:09:00,131,2026-05-12 16:09:00
352,15,57,11,2026-01-12 13:03:00,2026-01-12 13:41:00,38,2026-01-12 13:41:00
353,16,22,10,2026-03-22 17:40:00,2026-03-22 20:10:00,150,2026-03-22 20:10:00
354,13,57,11,2026-03-27 14:48:00,2026-03-27 18:50:00,242,2026-03-27 18:50:00
355,4,15,1,2026-05-27 15:53:00,2026-05-27 20:00:00,247,2026-05-27 20:00:00
356,5,30,11,2026-04-02 11:36:00,2026-04-02 13:08:00,92,2026-04-02 13:08:00
357,23,8,11,2026-04-21 08:17:00,2026-04-21 08:59:00,42,2026-04-21 08:59:00
358,13,11,12,2026-03-18 09:03:00,2026-03-18 11:55:00,172,2026-03-18 11:55:00
359,6,27,11,2026-02-12 17:19:00,2026-02-12 18:49:00,90,2026-02-12 18:49:00
360,9,44,4,2026-05-05 13:49:00,2026-05-05 18:28:00,279,2026-05-05 18:28:00
361,22,17,12,2026-01-01 17:51:00,2026-01-01 20:15:00,144,2026-01-01 20:15:00
362,22,38,2,2026-06-01 12:44:00,2026-06-01 16:09:00,205,2026-06-01 16:09:00
363,9,6,4,2026-06-03 17:25:00,2026-06-03 21:17:00,232,2026-06-03 21:17:00
364,8,39,3,2026-04-06 17:06:00,2026-04-06 17:50:00,44,2026-04-06 17:50:00
365,1,15,6,2026-05-07 17:22:00,2026-05-07 20:04:00,162,2026-05-07 20:04:00
366,19,4,11,2026-04-24 11:41:00,2026-04-24 14:09:00,148,2026-04-24 14:09:00
367,5,51,2,2026-03-13 15:17:00,2026-03-13 18:16:00,179,2026-03-13 18:16:00
368,12,26,5,2026-05-24 16:22:00,2026-05-24 18:05:00,103,2026-05-24 18:05:00
369,20,34,4,2026-03-11 12:18:00,2026-03-11 14:15:00,117,2026-03-11 14:15:00
370,6,44,2,2026-06-02 13:48:00,2026-06-02 16:30:00,162,2026-06-02 16:30:00
371,21,17,10,2026-01-28 09:35:00,2026-01-28 10:15:00,40,2026-01-28 10:15:00
372,21,6,10,2026-05-27 13:08:00,2026-05-27 15:15:00,127,2026-05-27 15:15:00
373,5,36,5,2026-03-12 11:34:00,2026-03-12 15:41:00,247,2026-03-12 15:41:00
374,17,3,4,2026-01-16 10:44:00,2026-01-16 14:54:00,250,2026-01-16 14:54:00
375,9,53,11,2026-01-11 17:15:00,2026-01-11 19:30:00,135,2026-01-11 19:30:00
376,13,46,3,2026-01-29 12:42:00,2026-01-29 16:26:00,224,2026-01-29 16:26:00
377,18,4,4,2026-05-07 15:09:00,2026-05-07 19:42:00,273,2026-05-07 19:42:00
378,12,52,11,2026-04-02 10:44:00,2026-04-02 14:25:00,221,2026-04-02 14:25:00
379,16,27,11,2026-04-05 15:45:00,2026-04-05 17:06:00,81,2026-04-05 17:06:00
380,16,55,3,2026-04-06 17:09:00,2026-04-06 20:10:00,181,2026-04-06 20:10:00
381,13,57,7,2026-02-06 08:54:00,2026-02-06 12:20:00,206,2026-02-06 12:20:00
382,17,40,2,2026-04-26 13:19:00,2026-04-26 15:20:00,121,2026-04-26 15:20:00
383,15,47,2,2026-03-06 12:22:00,2026-03-06 16:13:00,231,2026-03-06 16:13:00
384,23,52,2,2026-05-29 09:41:00,2026-05-29 11:48:00,127,2026-05-29 11:48:00
385,10,15,5,2026-03-21 08:07:00,2026-03-21 09:02:00,55,2026-03-21 09:02:00
386,20,18,3,2026-03-04 17:32:00,2026-03-04 19:30:00,118,2026-03-04 19:30:00
387,13,58,10,2026-01-30 15:21:00,2026-01-30 17:07:00,106,2026-01-30 17:07:00
388,22,31,4,2026-01-24 08:27:00,2026-01-24 09:55:00,88,2026-01-24 09:55:00
389,8,30,12,2026-01-01 13:47:00,2026-01-01 17:35:00,228,2026-01-01 17:35:00
390,14,7,7,2026-03-22 13:06:00,2026-03-22 17:05:00,239,2026-03-22 17:05:00
391,5,30,3,2026-02-16 09:54:00,2026-02-16 13:34:00,220,2026-02-16 13:34:00
392,5,36,11,2026-03-01 08:03:00,2026-03-01 10:22:00,139,2026-03-01 10:22:00
393,23,4,3,2026-03-08 09:46:00,2026-03-08 11:26:00,100,2026-03-08 11:26:00
394,20,17,6,2026-04-06 13:31:00,2026-04-06 15:06:00,95,2026-04-06 15:06:00
395,18,24,2,2026-02-17 12:25:00,2026-02-17 16:20:00,235,2026-02-17 16:20:00
396,20,31,10,2026-02-13 13:03:00,2026-02-13 14:08:00,65,2026-02-13 14:08:00
397,17,49,10,2026-04-02 15:12:00,2026-04-02 16:28:00,76,2026-04-02 16:28:00
398,4,54,12,2026-02-08 16:59:00,2026-02-08 19:55:00,176,2026-02-08 19:55:00
399,6,49,10,2026-01-23 09:22:00,2026-01-23 13:25:00,243,2026-01-23 13:25:00
400,6,13,7,2026-01-19 11:36:00,2026-01-19 12:59:00,83,2026-01-19 12:59:00
401,24,21,3,2026-05-13 11:00:00,2026-05-13 11:46:00,46,2026-05-13 11:46:00
402,8,14,1,2026-01-08 10:54:00,2026-01-08 11:38:00,44,2026-01-08 11:38:00
403,18,53,10,2026-05-24 12:47:00,2026-05-24 13:45:00,58,2026-05-24 13:45:00
404,5,44,5,2026-01-29 10:35:00,2026-01-29 12:53:00,138,2026-01-29 12:53:00
405,4,12,1,2026-02-23 09:05:00,2026-02-23 12:48:00,223,2026-02-23 12:48:00
406,7,2,4,2026-01-07 11:06:00,2026-01-07 12:00:00,54,2026-01-07 12:00:00
407,9,39,10,2026-03-09 08:21:00,2026-03-09 09:29:00,68,2026-03-09 09:29:00
408,8,23,12,2026-04-02 09:19:00,2026-04-02 12:52:00,213,2026-04-02 12:52:00
409,8,38,10,2026-02-01 13:50:00,2026-02-01 18:07:00,257,2026-02-01 18:07:00
410,19,44,11,2026-02-07 15:00:00,2026-02-07 19:43:00,283,2026-02-07 19:43:00
411,14,40,2,2026-05-18 16:13:00,2026-05-18 19:51:00,218,2026-05-18 19:51:00
412,12,38,10,2026-02-11 13:17:00,2026-02-11 14:37:00,80,2026-02-11 14:37:00
413,9,41,4,2026-03-20 12:58:00,2026-03-20 15:14:00,136,2026-03-20 15:14:00
414,10,14,10,2026-04-20 13:36:00,2026-04-20 17:54:00,258,2026-04-20 17:54:00
415,21,18,7,2026-03-12 10:23:00,2026-03-12 15:10:00,287,2026-03-12 15:10:00
416,15,23,12,2026-05-11 12:44:00,2026-05-11 17:33:00,289,2026-05-11 17:33:00
417,20,48,9,2026-03-20 09:34:00,2026-03-20 12:46:00,192,2026-03-20 12:46:00
418,1,17,1,2026-04-10 13:52:00,2026-04-10 15:17:00,85,2026-04-10 15:17:00
419,3,45,10,2026-04-05 10:15:00,2026-04-05 14:13:00,238,2026-04-05 14:13:00
420,5,56,6,2026-04-03 12:04:00,2026-04-03 13:27:00,83,2026-04-03 13:27:00
421,1,28,5,2026-03-02 11:11:00,2026-03-02 15:00:00,229,2026-03-02 15:00:00
422,17,53,6,2026-01-28 10:51:00,2026-01-28 14:08:00,197,2026-01-28 14:08:00
423,4,48,6,2026-03-02 13:24:00,2026-03-02 13:54:00,30,2026-03-02 13:54:00
424,10,49,2,2026-05-25 13:11:00,2026-05-25 15:48:00,157,2026-05-25 15:48:00
425,7,3,4,2026-04-29 09:13:00,2026-04-29 11:49:00,156,2026-04-29 11:49:00
426,21,60,12,2026-05-11 08:39:00,2026-05-11 11:36:00,177,2026-05-11 11:36:00
427,4,22,7,2026-01-06 15:59:00,2026-01-06 18:23:00,144,2026-01-06 18:23:00
428,8,41,10,2026-04-30 12:34:00,2026-04-30 13:57:00,83,2026-04-30 13:57:00
429,8,11,3,2026-03-01 14:02:00,2026-03-01 17:00:00,178,2026-03-01 17:00:00
430,23,49,4,2026-01-05 11:12:00,2026-01-05 15:36:00,264,2026-01-05 15:36:00
431,15,24,12,2026-04-15 17:09:00,2026-04-15 21:43:00,274,2026-04-15 21:43:00
432,19,26,1,2026-05-24 11:15:00,2026-05-24 16:00:00,285,2026-05-24 16:00:00
433,13,32,9,2026-01-14 12:16:00,2026-01-14 15:54:00,218,2026-01-14 15:54:00
434,20,60,7,2026-05-11 11:21:00,2026-05-11 13:31:00,130,2026-05-11 13:31:00
435,9,54,2,2026-05-24 13:30:00,2026-05-24 15:51:00,141,2026-05-24 15:51:00
436,20,33,6,2026-03-13 10:25:00,2026-03-13 11:35:00,70,2026-03-13 11:35:00
437,13,22,4,2026-04-23 12:35:00,2026-04-23 14:36:00,121,2026-04-23 14:36:00
438,16,52,11,2026-01-14 08:30:00,2026-01-14 12:27:00,237,2026-01-14 12:27:00
439,5,60,4,2026-04-19 08:20:00,2026-04-19 13:08:00,288,2026-04-19 13:08:00
440,18,22,11,2026-03-04 11:08:00,2026-03-04 13:54:00,166,2026-03-04 13:54:00
441,13,33,6,2026-04-12 16:44:00,2026-04-12 19:47:00,183,2026-04-12 19:47:00
442,2,35,11,2026-03-10 15:19:00,2026-03-10 19:17:00,238,2026-03-10 19:17:00
443,20,25,3,2026-03-15 16:17:00,2026-03-15 19:23:00,186,2026-03-15 19:23:00
444,1,28,2,2026-03-12 10:21:00,2026-03-12 12:01:00,100,2026-03-12 12:01:00
445,21,47,8,2026-01-21 12:34:00,2026-01-21 13:27:00,53,2026-01-21 13:27:00
446,1,19,1,2026-01-01 14:51:00,2026-01-01 16:31:00,100,2026-01-01 16:31:00
447,8,39,6,2026-05-11 16:38:00,2026-05-11 19:57:00,199,2026-05-11 19:57:00
448,3,44,6,2026-03-26 16:15:00,2026-03-26 17:09:00,54,2026-03-26 17:09:00
449,24,17,11,2026-03-19 12:34:00,2026-03-19 14:12:00,98,2026-03-19 14:12:00
450,11,26,5,2026-04-11 13:08:00,2026-04-11 15:03:00,115,2026-04-11 15:03:00
451,16,42,2,2026-02-01 13:20:00,2026-02-01 17:00:00,220,2026-02-01 17:00:00
452,11,33,4,2026-02-14 10:36:00,2026-02-14 14:40:00,244,2026-02-14 14:40:00
453,25,11,8,2026-02-05 09:44:00,2026-02-05 14:22:00,278,2026-02-05 14:22:00
454,11,2,6,2026-01-05 10:15:00,2026-01-05 13:00:00,165,2026-01-05 13:00:00
455,5,18,2,2026-04-25 09:31:00,2026-04-25 10:34:00,63,2026-04-25 10:34:00
456,1,24,5,2026-05-05 11:44:00,2026-05-05 12:38:00,54,2026-05-05 12:38:00
457,14,11,6,2026-01-10 17:19:00,2026-01-10 21:34:00,255,2026-01-10 21:34:00
458,23,18,2,2026-01-24 14:14:00,2026-01-24 17:52:00,218,2026-01-24 17:52:00
459,5,59,7,2026-01-28 12:07:00,2026-01-28 12:39:00,32,2026-01-28 12:39:00
460,5,24,4,2026-03-05 17:12:00,2026-03-05 21:17:00,245,2026-03-05 21:17:00
461,12,37,1,2026-05-05 14:21:00,2026-05-05 15:12:00,51,2026-05-05 15:12:00
462,6,33,12,2026-04-23 14:34:00,2026-04-23 18:36:00,242,2026-04-23 18:36:00
463,20,17,1,2026-05-26 11:50:00,2026-05-26 13:55:00,125,2026-05-26 13:55:00
464,15,11,1,2026-01-18 14:10:00,2026-01-18 17:28:00,198,2026-01-18 17:28:00
465,18,41,1,2026-04-06 09:09:00,2026-04-06 12:01:00,172,2026-04-06 12:01:00
466,6,52,2,2026-05-16 14:53:00,2026-05-16 16:12:00,79,2026-05-16 16:12:00
467,12,59,8,2026-04-01 08:23:00,2026-04-01 09:09:00,46,2026-04-01 09:09:00
468,23,37,8,2026-05-30 14:25:00,2026-05-30 16:53:00,148,2026-05-30 16:53:00
469,15,24,2,2026-05-07 09:14:00,2026-05-07 11:38:00,144,2026-05-07 11:38:00
470,9,53,2,2026-05-06 13:13:00,2026-05-06 16:13:00,180,2026-05-06 16:13:00
471,9,14,1,2026-05-13 09:13:00,2026-05-13 12:23:00,190,2026-05-13 12:23:00
472,16,23,11,2026-04-15 14:12:00,2026-04-15 17:50:00,218,2026-04-15 17:50:00
473,17,49,6,2026-03-13 11:13:00,2026-03-13 14:23:00,190,2026-03-13 14:23:00
474,9,3,1,2026-04-01 15:57:00,2026-04-01 20:12:00,255,2026-04-01 20:12:00
475,17,55,6,2026-03-25 10:39:00,2026-03-25 13:34:00,175,2026-03-25 13:34:00
476,8,42,8,2026-01-11 13:16:00,2026-01-11 15:16:00,120,2026-01-11 15:16:00
477,17,29,2,2026-02-19 14:52:00,2026-02-19 18:37:00,225,2026-02-19 18:37:00
478,15,10,4,2026-01-08 13:19:00,2026-01-08 17:13:00,234,2026-01-08 17:13:00
479,20,42,2,2026-01-03 12:23:00,2026-01-03 15:09:00,166,2026-01-03 15:09:00
480,15,25,5,2026-02-13 16:19:00,2026-02-13 17:01:00,42,2026-02-13 17:01:00
481,21,4,6,2026-05-29 16:10:00,2026-05-29 19:53:00,223,2026-05-29 19:53:00
482,7,27,8,2026-03-28 08:01:00,2026-03-28 11:25:00,204,2026-03-28 11:25:00
483,8,30,11,2026-02-11 10:44:00,2026-02-11 12:43:00,119,2026-02-11 12:43:00
484,8,16,10,2026-04-21 12:00:00,2026-04-21 15:23:00,203,2026-04-21 15:23:00
485,15,37,7,2026-01-14 12:02:00,2026-01-14 14:38:00,156,2026-01-14 14:38:00
486,25,8,9,2026-01-29 17:25:00,2026-01-29 21:02:00,217,2026-01-29 21:02:00
487,15,12,5,2026-04-06 09:09:00,2026-04-06 13:19:00,250,2026-04-06 13:19:00
488,8,7,10,2026-02-07 13:43:00,2026-02-07 17:55:00,252,2026-02-07 17:55:00
489,11,3,4,2026-02-22 13:12:00,2026-02-22 14:37:00,85,2026-02-22 14:37:00
490,14,24,1,2026-02-19 16:15:00,2026-02-19 18:31:00,136,2026-02-19 18:31:00
491,11,12,2,2026-03-29 08:49:00,2026-03-29 10:03:00,74,2026-03-29 10:03:00
492,17,32,7,2026-01-26 11:45:00,2026-01-26 12:18:00,33,2026-01-26 12:18:00
493,14,47,9,2026-01-22 13:33:00,2026-01-22 17:50:00,257,2026-01-22 17:50:00
494,10,21,11,2026-06-04 14:53:00,2026-06-04 19:40:00,287,2026-06-04 19:40:00
495,7,56,7,2026-03-07 11:18:00,2026-03-07 14:47:00,209,2026-03-07 14:47:00
496,24,56,1,2026-05-10 08:12:00,2026-05-10 10:38:00,146,2026-05-10 10:38:00
497,15,30,12,2026-03-01 13:18:00,2026-03-01 15:00:00,102,2026-03-01 15:00:00
498,2,55,9,2026-03-07 08:41:00,2026-03-07 10:12:00,91,2026-03-07 10:12:00
499,9,20,11,2026-04-07 17:36:00,2026-04-07 22:19:00,283,2026-04-07 22:19:00
500,3,7,8,2026-01-01 11:11:00,2026-01-01 12:14:00,63,2026-01-01 12:14:00
501,7,30,11,2026-01-05 15:33:00,2026-01-05 16:15:00,42,2026-01-05 16:15:00
502,21,21,11,2026-02-20 10:42:00,2026-02-20 15:00:00,258,2026-02-20 15:00:00
503,16,57,2,2026-05-29 16:15:00,2026-05-29 18:06:00,111,2026-05-29 18:06:00
504,4,52,8,2026-02-23 17:01:00,2026-02-23 19:51:00,170,2026-02-23 19:51:00
505,11,7,4,2026-05-13 10:45:00,2026-05-13 13:30:00,165,2026-05-13 13:30:00
506,2,25,5,2026-02-19 12:07:00,2026-02-19 14:18:00,131,2026-02-19 14:18:00
507,14,23,4,2026-01-12 15:04:00,2026-01-12 18:40:00,216,2026-01-12 18:40:00
508,7,14,2,2026-04-12 09:16:00,2026-04-12 11:33:00,137,2026-04-12 11:33:00
509,12,25,9,2026-05-29 16:54:00,2026-05-29 18:13:00,79,2026-05-29 18:13:00
510,8,30,9,2026-02-08 16:54:00,2026-02-08 17:29:00,35,2026-02-08 17:29:00
511,18,3,6,2026-06-03 17:37:00,2026-06-03 20:18:00,161,2026-06-03 20:18:00
512,22,20,6,2026-04-12 10:02:00,2026-04-12 12:30:00,148,2026-04-12 12:30:00
513,25,41,2,2026-05-02 11:04:00,2026-05-02 12:56:00,112,2026-05-02 12:56:00
514,21,17,1,2026-02-13 09:38:00,2026-02-13 11:23:00,105,2026-02-13 11:23:00
515,24,20,7,2026-03-10 10:05:00,2026-03-10 14:01:00,236,2026-03-10 14:01:00
516,23,2,11,2026-03-21 10:59:00,2026-03-21 12:38:00,99,2026-03-21 12:38:00
517,16,41,7,2026-04-21 09:59:00,2026-04-21 13:52:00,233,2026-04-21 13:52:00
518,11,41,11,2026-02-08 14:38:00,2026-02-08 16:39:00,121,2026-02-08 16:39:00
519,3,59,10,2026-02-28 15:23:00,2026-02-28 18:12:00,169,2026-02-28 18:12:00
520,15,37,1,2026-03-02 14:41:00,2026-03-02 15:40:00,59,2026-03-02 15:40:00
521,22,54,11,2026-03-27 13:10:00,2026-03-27 15:10:00,120,2026-03-27 15:10:00
522,16,13,6,2026-02-28 10:36:00,2026-02-28 14:55:00,259,2026-02-28 14:55:00
523,12,1,7,2026-05-14 13:00:00,2026-05-14 17:46:00,286,2026-05-14 17:46:00
524,22,28,6,2026-04-11 11:19:00,2026-04-11 12:48:00,89,2026-04-11 12:48:00
525,23,45,10,2026-03-03 13:47:00,2026-03-03 18:05:00,258,2026-03-03 18:05:00
526,2,54,12,2026-03-22 11:39:00,2026-03-22 13:58:00,139,2026-03-22 13:58:00
527,5,36,10,2026-01-30 09:08:00,2026-01-30 12:20:00,192,2026-01-30 12:20:00
528,18,28,9,2026-04-10 13:10:00,2026-04-10 17:13:00,243,2026-04-10 17:13:00
529,18,50,4,2026-04-30 17:55:00,2026-04-30 19:10:00,75,2026-04-30 19:10:00
530,23,28,2,2026-03-21 12:15:00,2026-03-21 14:19:00,124,2026-03-21 14:19:00
531,20,37,1,2026-01-15 12:46:00,2026-01-15 13:17:00,31,2026-01-15 13:17:00
532,12,18,4,2026-01-07 10:03:00,2026-01-07 14:37:00,274,2026-01-07 14:37:00
533,23,45,8,2026-06-01 10:21:00,2026-06-01 12:57:00,156,2026-06-01 12:57:00
534,5,30,12,2026-02-08 13:30:00,2026-02-08 18:15:00,285,2026-02-08 18:15:00
535,1,2,1,2026-01-23 13:55:00,2026-01-23 14:32:00,37,2026-01-23 14:32:00
536,10,9,7,2026-02-09 08:40:00,2026-02-09 13:03:00,263,2026-02-09 13:03:00
537,13,47,12,2026-01-04 17:52:00,2026-01-04 22:09:00,257,2026-01-04 22:09:00
538,6,44,4,2026-03-27 08:52:00,2026-03-27 10:07:00,75,2026-03-27 10:07:00
539,22,6,5,2026-05-20 12:08:00,2026-05-20 15:10:00,182,2026-05-20 15:10:00
540,18,28,2,2026-03-01 10:47:00,2026-03-01 15:15:00,268,2026-03-01 15:15:00
541,24,33,2,2026-04-14 17:30:00,2026-04-14 22:11:00,281,2026-04-14 22:11:00
542,19,26,3,2026-01-07 13:09:00,2026-01-07 17:30:00,261,2026-01-07 17:30:00
543,14,3,9,2026-02-26 13:02:00,2026-02-26 16:19:00,197,2026-02-26 16:19:00
544,7,39,9,2026-04-13 15:31:00,2026-04-13 16:29:00,58,2026-04-13 16:29:00
545,17,45,3,2026-02-24 15:29:00,2026-02-24 19:15:00,226,2026-02-24 19:15:00
546,10,3,4,2026-03-16 08:27:00,2026-03-16 10:19:00,112,2026-03-16 10:19:00
547,25,54,8,2026-04-20 13:28:00,2026-04-20 14:30:00,62,2026-04-20 14:30:00
548,18,51,6,2026-03-14 14:02:00,2026-03-14 15:04:00,62,2026-03-14 15:04:00
549,11,10,10,2026-01-15 16:49:00,2026-01-15 19:37:00,168,2026-01-15 19:37:00
550,13,8,11,2026-02-23 11:15:00,2026-02-23 13:17:00,122,2026-02-23 13:17:00
551,19,25,5,2026-03-12 17:32:00,2026-03-12 18:56:00,84,2026-03-12 18:56:00
552,12,21,10,2026-02-12 17:41:00,2026-02-12 22:03:00,262,2026-02-12 22:03:00
553,1,37,4,2026-04-06 08:31:00,2026-04-06 09:27:00,56,2026-04-06 09:27:00
554,18,22,9,2026-04-07 08:02:00,2026-04-07 12:47:00,285,2026-04-07 12:47:00
555,1,28,4,2026-03-26 15:31:00,2026-03-26 19:58:00,267,2026-03-26 19:58:00
556,20,11,7,2026-01-18 09:16:00,2026-01-18 11:28:00,132,2026-01-18 11:28:00
557,25,56,11,2026-02-14 16:04:00,2026-02-14 19:58:00,234,2026-02-14 19:58:00
558,6,18,12,2026-06-02 10:58:00,2026-06-02 13:25:00,147,2026-06-02 13:25:00
559,15,15,12,2026-05-16 14:38:00,2026-05-16 15:19:00,41,2026-05-16 15:19:00
560,9,52,1,2026-03-15 09:59:00,2026-03-15 12:16:00,137,2026-03-15 12:16:00
561,15,39,8,2026-04-08 09:46:00,2026-04-08 10:17:00,31,2026-04-08 10:17:00
562,8,58,8,2026-05-29 11:33:00,2026-05-29 14:13:00,160,2026-05-29 14:13:00
563,8,2,3,2026-02-28 10:55:00,2026-02-28 15:20:00,265,2026-02-28 15:20:00
564,11,27,3,2026-04-15 14:07:00,2026-04-15 17:16:00,189,2026-04-15 17:16:00
565,6,10,11,2026-03-16 11:48:00,2026-03-16 13:42:00,114,2026-03-16 13:42:00
566,10,31,12,2026-04-21 14:22:00,2026-04-21 19:08:00,286,2026-04-21 19:08:00
567,2,35,10,2026-04-10 14:51:00,2026-04-10 16:52:00,121,2026-04-10 16:52:00
568,20,20,12,2026-01-20 09:41:00,2026-01-20 12:06:00,145,2026-01-20 12:06:00
569,24,44,7,2026-01-18 12:12:00,2026-01-18 13:52:00,100,2026-01-18 13:52:00
570,7,42,3,2026-03-16 09:11:00,2026-03-16 12:17:00,186,2026-03-16 12:17:00
571,2,19,6,2026-04-15 12:29:00,2026-04-15 13:16:00,47,2026-04-15 13:16:00
572,10,29,6,2026-01-13 11:35:00,2026-01-13 15:18:00,223,2026-01-13 15:18:00
573,14,18,3,2026-04-26 09:21:00,2026-04-26 11:36:00,135,2026-04-26 11:36:00
574,17,37,11,2026-05-17 16:16:00,2026-05-17 19:34:00,198,2026-05-17 19:34:00
575,11,50,11,2026-02-19 10:01:00,2026-02-19 11:02:00,61,2026-02-19 11:02:00
576,23,55,8,2026-04-16 09:54:00,2026-04-16 10:28:00,34,2026-04-16 10:28:00
577,21,7,11,2026-03-15 15:16:00,2026-03-15 17:14:00,118,2026-03-15 17:14:00
578,6,6,11,2026-04-03 12:21:00,2026-04-03 17:02:00,281,2026-04-03 17:02:00
579,10,24,3,2026-02-23 15:25:00,2026-02-23 17:06:00,101,2026-02-23 17:06:00
580,14,52,9,2026-03-17 10:23:00,2026-03-17 13:51:00,208,2026-03-17 13:51:00
581,18,45,10,2026-03-02 17:08:00,2026-03-02 20:40:00,212,2026-03-02 20:40:00
582,20,54,2,2026-01-19 14:50:00,2026-01-19 17:29:00,159,2026-01-19 17:29:00
583,20,29,7,2026-02-24 08:06:00,2026-02-24 10:52:00,166,2026-02-24 10:52:00
584,13,38,4,2026-05-07 09:16:00,2026-05-07 13:50:00,274,2026-05-07 13:50:00
585,6,44,5,2026-03-04 09:40:00,2026-03-04 11:33:00,113,2026-03-04 11:33:00
586,19,10,1,2026-04-07 08:14:00,2026-04-07 09:17:00,63,2026-04-07 09:17:00
587,25,34,2,2026-05-25 13:14:00,2026-05-25 17:11:00,237,2026-05-25 17:11:00
588,9,17,8,2026-03-10 17:13:00,2026-03-10 21:32:00,259,2026-03-10 21:32:00
589,24,13,9,2026-02-03 16:15:00,2026-02-03 17:01:00,46,2026-02-03 17:01:00
590,25,10,7,2026-01-16 15:37:00,2026-01-16 19:19:00,222,2026-01-16 19:19:00
591,9,41,6,2026-04-18 09:47:00,2026-04-18 14:21:00,274,2026-04-18 14:21:00
592,24,36,3,2026-04-12 17:30:00,2026-04-12 18:22:00,52,2026-04-12 18:22:00
593,5,5,3,2026-02-07 08:14:00,2026-02-07 09:01:00,47,2026-02-07 09:01:00
594,19,6,4,2026-02-20 15:54:00,2026-02-20 19:11:00,197,2026-02-20 19:11:00
595,22,20,1,2026-01-29 08:33:00,2026-01-29 10:19:00,106,2026-01-29 10:19:00
596,19,1,3,2026-04-09 10:16:00,2026-04-09 14:18:00,242,2026-04-09 14:18:00
597,11,35,10,2026-03-30 12:21:00,2026-03-30 14:35:00,134,2026-03-30 14:35:00
598,3,32,8,2026-02-26 09:07:00,2026-02-26 13:11:00,244,2026-02-26 13:11:00
599,13,1,10,2026-04-26 13:54:00,2026-04-26 16:37:00,163,2026-04-26 16:37:00
600,18,24,9,2026-03-30 08:09:00,2026-03-30 10:51:00,162,2026-03-30 10:51:00
601,23,35,9,2026-02-02 08:26:00,2026-02-02 10:17:00,111,2026-02-02 10:17:00
602,6,45,9,2026-03-26 09:55:00,2026-03-26 13:07:00,192,2026-03-26 13:07:00
603,21,20,8,2026-05-16 13:39:00,2026-05-16 16:04:00,145,2026-05-16 16:04:00
604,21,50,9,2026-02-02 10:40:00,2026-02-02 12:16:00,96,2026-02-02 12:16:00
605,22,26,2,2026-02-02 12:56:00,2026-02-02 16:02:00,186,2026-02-02 16:02:00
606,4,5,6,2026-02-06 09:03:00,2026-02-06 13:19:00,256,2026-02-06 13:19:00
607,10,19,11,2026-04-05 11:41:00,2026-04-05 13:18:00,97,2026-04-05 13:18:00
608,11,58,9,2026-03-18 11:20:00,2026-03-18 13:26:00,126,2026-03-18 13:26:00
609,6,42,5,2026-03-07 16:49:00,2026-03-07 21:03:00,254,2026-03-07 21:03:00
610,19,58,10,2026-05-09 13:36:00,2026-05-09 16:24:00,168,2026-05-09 16:24:00
611,16,34,12,2026-06-02 12:53:00,2026-06-02 13:41:00,48,2026-06-02 13:41:00
612,18,14,5,2026-04-10 15:02:00,2026-04-10 17:02:00,120,2026-04-10 17:02:00
613,17,59,9,2026-06-01 11:48:00,2026-06-01 14:28:00,160,2026-06-01 14:28:00
614,14,20,3,2026-04-23 16:03:00,2026-04-23 18:11:00,128,2026-04-23 18:11:00
615,25,28,3,2026-04-13 09:49:00,2026-04-13 13:40:00,231,2026-04-13 13:40:00
616,13,35,10,2026-05-08 15:33:00,2026-05-08 19:02:00,209,2026-05-08 19:02:00
617,25,25,12,2026-04-24 16:05:00,2026-04-24 20:21:00,256,2026-04-24 20:21:00
618,8,40,9,2026-02-02 10:44:00,2026-02-02 12:36:00,112,2026-02-02 12:36:00
619,4,22,11,2026-01-27 09:54:00,2026-01-27 14:11:00,257,2026-01-27 14:11:00
620,9,52,2,2026-01-27 13:02:00,2026-01-27 15:46:00,164,2026-01-27 15:46:00
621,4,47,1,2026-02-15 09:59:00,2026-02-15 14:30:00,271,2026-02-15 14:30:00
622,20,31,3,2026-04-01 13:58:00,2026-04-01 15:39:00,101,2026-04-01 15:39:00
623,4,24,5,2026-03-10 13:18:00,2026-03-10 15:49:00,151,2026-03-10 15:49:00
624,8,25,9,2026-05-23 09:39:00,2026-05-23 13:59:00,260,2026-05-23 13:59:00
625,9,22,4,2026-02-26 13:16:00,2026-02-26 14:28:00,72,2026-02-26 14:28:00
626,23,47,9,2026-05-28 08:00:00,2026-05-28 12:17:00,257,2026-05-28 12:17:00
627,1,43,10,2026-03-26 16:38:00,2026-03-26 20:11:00,213,2026-03-26 20:11:00
628,18,26,12,2026-05-05 09:08:00,2026-05-05 10:24:00,76,2026-05-05 10:24:00
629,5,47,2,2026-03-13 13:51:00,2026-03-13 17:56:00,245,2026-03-13 17:56:00
630,18,38,2,2026-02-27 13:47:00,2026-02-27 15:24:00,97,2026-02-27 15:24:00
631,9,59,11,2026-05-09 15:08:00,2026-05-09 17:14:00,126,2026-05-09 17:14:00
632,21,7,8,2026-01-16 09:41:00,2026-01-16 10:46:00,65,2026-01-16 10:46:00
633,21,34,3,2026-02-27 11:21:00,2026-02-27 14:33:00,192,2026-02-27 14:33:00
634,16,1,7,2026-03-13 11:50:00,2026-03-13 15:43:00,233,2026-03-13 15:43:00
635,21,27,1,2026-05-04 11:10:00,2026-05-04 13:25:00,135,2026-05-04 13:25:00
636,14,45,8,2026-05-14 08:18:00,2026-05-14 09:51:00,93,2026-05-14 09:51:00
637,10,8,11,2026-04-30 10:36:00,2026-04-30 12:54:00,138,2026-04-30 12:54:00
638,12,21,10,2026-03-31 17:00:00,2026-03-31 19:29:00,149,2026-03-31 19:29:00
639,8,8,9,2026-03-28 15:48:00,2026-03-28 18:34:00,166,2026-03-28 18:34:00
640,6,58,11,2026-02-10 10:57:00,2026-02-10 13:58:00,181,2026-02-10 13:58:00
641,5,35,5,2026-05-24 14:06:00,2026-05-24 17:22:00,196,2026-05-24 17:22:00
642,6,23,10,2026-01-24 08:51:00,2026-01-24 10:57:00,126,2026-01-24 10:57:00
643,24,39,5,2026-03-31 12:21:00,2026-03-31 13:50:00,89,2026-03-31 13:50:00
644,21,15,9,2026-01-19 11:45:00,2026-01-19 14:15:00,150,2026-01-19 14:15:00
645,24,21,6,2026-03-09 14:04:00,2026-03-09 16:23:00,139,2026-03-09 16:23:00
646,23,46,6,2026-05-10 09:43:00,2026-05-10 12:02:00,139,2026-05-10 12:02:00
647,7,55,9,2026-01-07 13:34:00,2026-01-07 17:57:00,263,2026-01-07 17:57:00
648,12,8,2,2026-01-01 12:08:00,2026-01-01 13:53:00,105,2026-01-01 13:53:00
649,3,27,4,2026-03-01 09:21:00,2026-03-01 12:35:00,194,2026-03-01 12:35:00
650,9,34,5,2026-03-15 10:59:00,2026-03-15 12:01:00,62,2026-03-15 12:01:00
651,13,55,7,2026-02-05 16:17:00,2026-02-05 20:07:00,230,2026-02-05 20:07:00
652,11,42,2,2026-03-15 08:53:00,2026-03-15 11:54:00,181,2026-03-15 11:54:00
653,18,17,10,2026-02-23 10:47:00,2026-02-23 12:54:00,127,2026-02-23 12:54:00
654,9,51,5,2026-01-30 14:04:00,2026-01-30 16:13:00,129,2026-01-30 16:13:00
655,13,43,11,2026-03-16 11:35:00,2026-03-16 15:59:00,264,2026-03-16 15:59:00
656,20,24,5,2026-02-26 17:20:00,2026-02-26 18:08:00,48,2026-02-26 18:08:00
657,14,56,1,2026-01-30 10:22:00,2026-01-30 13:31:00,189,2026-01-30 13:31:00
658,9,5,2,2026-05-25 09:58:00,2026-05-25 11:58:00,120,2026-05-25 11:58:00
659,1,57,7,2026-05-11 08:35:00,2026-05-11 11:25:00,170,2026-05-11 11:25:00
660,21,17,4,2026-02-01 11:08:00,2026-02-01 12:51:00,103,2026-02-01 12:51:00
661,17,26,4,2026-04-02 10:25:00,2026-04-02 15:06:00,281,2026-04-02 15:06:00
662,13,51,1,2026-03-06 08:28:00,2026-03-06 12:45:00,257,2026-03-06 12:45:00
663,2,24,5,2026-02-23 14:50:00,2026-02-23 17:13:00,143,2026-02-23 17:13:00
664,23,6,4,2026-01-17 11:22:00,2026-01-17 12:12:00,50,2026-01-17 12:12:00
665,7,33,3,2026-04-02 13:47:00,2026-04-02 17:55:00,248,2026-04-02 17:55:00
666,13,20,7,2026-02-01 08:32:00,2026-02-01 09:49:00,77,2026-02-01 09:49:00
667,19,59,4,2026-04-02 08:29:00,2026-04-02 09:05:00,36,2026-04-02 09:05:00
668,25,58,10,2026-05-03 10:01:00,2026-05-03 14:42:00,281,2026-05-03 14:42:00
669,11,57,6,2026-05-11 09:30:00,2026-05-11 12:01:00,151,2026-05-11 12:01:00
670,7,23,6,2026-03-05 17:13:00,2026-03-05 20:31:00,198,2026-03-05 20:31:00
671,21,44,2,2026-01-14 16:55:00,2026-01-14 19:40:00,165,2026-01-14 19:40:00
672,7,26,4,2026-03-25 17:58:00,2026-03-25 19:36:00,98,2026-03-25 19:36:00
673,21,60,8,2026-01-24 12:42:00,2026-01-24 15:22:00,160,2026-01-24 15:22:00
674,2,19,3,2026-02-15 16:10:00,2026-02-15 20:44:00,274,2026-02-15 20:44:00
675,25,23,9,2026-03-03 09:40:00,2026-03-03 11:41:00,121,2026-03-03 11:41:00
676,25,14,8,2026-02-10 13:06:00,2026-02-10 15:04:00,118,2026-02-10 15:04:00
677,16,11,4,2026-03-26 17:28:00,2026-03-26 18:54:00,86,2026-03-26 18:54:00
678,16,26,5,2026-04-09 09:47:00,2026-04-09 14:04:00,257,2026-04-09 14:04:00
679,25,39,11,2026-02-06 11:29:00,2026-02-06 14:02:00,153,2026-02-06 14:02:00
680,10,4,11,2026-05-26 16:07:00,2026-05-26 19:10:00,183,2026-05-26 19:10:00
681,12,17,1,2026-01-12 14:06:00,2026-01-12 16:46:00,160,2026-01-12 16:46:00
682,12,19,10,2026-05-03 08:19:00,2026-05-03 11:51:00,212,2026-05-03 11:51:00
683,3,18,7,2026-05-20 14:03:00,2026-05-20 16:44:00,161,2026-05-20 16:44:00
684,6,3,1,2026-01-24 15:11:00,2026-01-24 19:09:00,238,2026-01-24 19:09:00
685,20,43,11,2026-05-17 09:57:00,2026-05-17 11:08:00,71,2026-05-17 11:08:00
686,16,6,5,2026-04-12 09:36:00,2026-04-12 13:08:00,212,2026-04-12 13:08:00
687,20,41,3,2026-05-01 10:43:00,2026-05-01 14:09:00,206,2026-05-01 14:09:00
688,13,58,2,2026-03-19 15:30:00,2026-03-19 16:25:00,55,2026-03-19 16:25:00
689,25,19,3,2026-02-28 14:38:00,2026-02-28 16:14:00,96,2026-02-28 16:14:00
690,18,19,7,2026-01-22 11:16:00,2026-01-22 13:02:00,106,2026-01-22 13:02:00
691,15,18,3,2026-04-27 09:16:00,2026-04-27 10:14:00,58,2026-04-27 10:14:00
692,4,11,1,2026-06-04 16:26:00,2026-06-04 19:46:00,200,2026-06-04 19:46:00
693,10,3,1,2026-04-01 17:31:00,2026-04-01 19:59:00,148,2026-04-01 19:59:00
694,11,11,5,2026-04-17 12:28:00,2026-04-17 13:22:00,54,2026-04-17 13:22:00
695,10,28,2,2026-05-09 14:28:00,2026-05-09 18:41:00,253,2026-05-09 18:41:00
696,20,47,11,2026-05-17 09:51:00,2026-05-17 13:42:00,231,2026-05-17 13:42:00
697,2,3,4,2026-05-10 08:41:00,2026-05-10 11:51:00,190,2026-05-10 11:51:00
698,11,13,10,2026-01-04 13:35:00,2026-01-04 16:21:00,166,2026-01-04 16:21:00
699,11,16,10,2026-02-02 15:01:00,2026-02-02 18:48:00,227,2026-02-02 18:48:00
700,8,50,3,2026-02-27 13:36:00,2026-02-27 14:41:00,65,2026-02-27 14:41:00
701,13,52,5,2026-03-27 15:38:00,2026-03-27 16:46:00,68,2026-03-27 16:46:00
702,10,37,11,2026-02-07 11:26:00,2026-02-07 16:15:00,289,2026-02-07 16:15:00
703,13,19,2,2026-04-16 13:12:00,2026-04-16 18:01:00,289,2026-04-16 18:01:00
704,3,13,4,2026-02-13 14:33:00,2026-02-13 15:59:00,86,2026-02-13 15:59:00
705,24,18,10,2026-04-24 12:43:00,2026-04-24 16:39:00,236,2026-04-24 16:39:00
706,15,53,1,2026-04-27 16:59:00,2026-04-27 20:45:00,226,2026-04-27 20:45:00
707,1,5,9,2026-01-10 17:11:00,2026-01-10 21:45:00,274,2026-01-10 21:45:00
708,15,38,3,2026-03-27 10:22:00,2026-03-27 11:54:00,92,2026-03-27 11:54:00
709,8,44,3,2026-02-14 10:53:00,2026-02-14 15:18:00,265,2026-02-14 15:18:00
710,11,35,10,2026-05-10 13:21:00,2026-05-10 17:24:00,243,2026-05-10 17:24:00
711,21,43,12,2026-01-11 16:53:00,2026-01-11 20:31:00,218,2026-01-11 20:31:00
712,14,58,7,2026-01-19 09:09:00,2026-01-19 10:13:00,64,2026-01-19 10:13:00
713,9,1,2,2026-03-18 09:03:00,2026-03-18 11:13:00,130,2026-03-18 11:13:00
714,19,3,8,2026-04-30 09:58:00,2026-04-30 13:51:00,233,2026-04-30 13:51:00
715,1,35,4,2026-05-08 09:50:00,2026-05-08 12:26:00,156,2026-05-08 12:26:00
716,5,49,11,2026-04-15 12:37:00,2026-04-15 14:41:00,124,2026-04-15 14:41:00
717,13,29,3,2026-01-20 14:38:00,2026-01-20 18:37:00,239,2026-01-20 18:37:00
718,22,40,5,2026-04-29 11:54:00,2026-04-29 13:18:00,84,2026-04-29 13:18:00
719,3,8,3,2026-05-11 16:32:00,2026-05-11 18:34:00,122,2026-05-11 18:34:00
720,3,54,4,2026-02-03 17:05:00,2026-02-03 20:21:00,196,2026-02-03 20:21:00
721,14,12,7,2026-01-06 11:45:00,2026-01-06 14:10:00,145,2026-01-06 14:10:00
722,14,58,6,2026-02-01 11:50:00,2026-02-01 12:28:00,38,2026-02-01 12:28:00
723,25,33,3,2026-02-17 17:59:00,2026-02-17 21:04:00,185,2026-02-17 21:04:00
724,25,51,1,2026-03-15 11:58:00,2026-03-15 15:52:00,234,2026-03-15 15:52:00
725,11,6,11,2026-02-13 12:58:00,2026-02-13 14:18:00,80,2026-02-13 14:18:00
726,5,36,6,2026-05-20 11:12:00,2026-05-20 12:22:00,70,2026-05-20 12:22:00
727,10,39,5,2026-05-18 12:41:00,2026-05-18 15:02:00,141,2026-05-18 15:02:00
728,14,27,6,2026-04-03 16:15:00,2026-04-03 18:24:00,129,2026-04-03 18:24:00
729,6,13,4,2026-06-04 15:02:00,2026-06-04 18:14:00,192,2026-06-04 18:14:00
730,12,55,5,2026-03-08 16:23:00,2026-03-08 17:12:00,49,2026-03-08 17:12:00
731,21,38,7,2026-03-12 11:07:00,2026-03-12 13:37:00,150,2026-03-12 13:37:00
732,20,16,5,2026-04-09 10:08:00,2026-04-09 14:34:00,266,2026-04-09 14:34:00
733,21,13,9,2026-04-22 15:48:00,2026-04-22 18:57:00,189,2026-04-22 18:57:00
734,24,54,7,2026-04-04 09:04:00,2026-04-04 11:18:00,134,2026-04-04 11:18:00
735,17,49,6,2026-03-04 10:34:00,2026-03-04 14:41:00,247,2026-03-04 14:41:00
736,2,28,7,2026-05-08 12:54:00,2026-05-08 15:24:00,150,2026-05-08 15:24:00
737,25,60,1,2026-04-28 16:54:00,2026-04-28 19:01:00,127,2026-04-28 19:01:00
738,6,27,11,2026-05-04 14:07:00,2026-05-04 16:26:00,139,2026-05-04 16:26:00
739,24,30,1,2026-03-19 12:42:00,2026-03-19 14:52:00,130,2026-03-19 14:52:00
740,11,55,7,2026-04-06 11:37:00,2026-04-06 13:42:00,125,2026-04-06 13:42:00
741,25,7,9,2026-05-13 16:32:00,2026-05-13 20:22:00,230,2026-05-13 20:22:00
742,15,23,1,2026-04-12 10:40:00,2026-04-12 11:54:00,74,2026-04-12 11:54:00
743,19,28,8,2026-03-08 10:17:00,2026-03-08 12:58:00,161,2026-03-08 12:58:00
744,6,18,4,2026-05-22 16:23:00,2026-05-22 17:38:00,75,2026-05-22 17:38:00
745,25,23,10,2026-02-12 08:00:00,2026-02-12 09:25:00,85,2026-02-12 09:25:00
746,18,36,12,2026-02-20 13:01:00,2026-02-20 16:25:00,204,2026-02-20 16:25:00
747,14,55,6,2026-03-11 16:16:00,2026-03-11 18:58:00,162,2026-03-11 18:58:00
748,17,27,2,2026-01-19 08:07:00,2026-01-19 12:33:00,266,2026-01-19 12:33:00
749,24,22,1,2026-01-01 16:50:00,2026-01-01 19:56:00,186,2026-01-01 19:56:00
750,16,25,7,2026-02-16 15:54:00,2026-02-16 17:19:00,85,2026-02-16 17:19:00
751,13,39,2,2026-05-02 17:32:00,2026-05-02 20:50:00,198,2026-05-02 20:50:00
752,24,14,7,2026-05-03 08:03:00,2026-05-03 10:57:00,174,2026-05-03 10:57:00
753,21,24,7,2026-04-22 13:58:00,2026-04-22 14:39:00,41,2026-04-22 14:39:00
754,15,45,1,2026-03-21 14:53:00,2026-03-21 19:30:00,277,2026-03-21 19:30:00
755,5,60,8,2026-05-13 15:31:00,2026-05-13 16:26:00,55,2026-05-13 16:26:00
756,5,4,12,2026-01-14 11:25:00,2026-01-14 12:24:00,59,2026-01-14 12:24:00
757,6,52,11,2026-04-21 11:52:00,2026-04-21 13:54:00,122,2026-04-21 13:54:00
758,8,58,2,2026-02-14 08:14:00,2026-02-14 09:18:00,64,2026-02-14 09:18:00
759,11,39,9,2026-02-02 11:22:00,2026-02-02 14:21:00,179,2026-02-02 14:21:00
760,9,10,11,2026-02-19 08:15:00,2026-02-19 12:02:00,227,2026-02-19 12:02:00
761,23,52,5,2026-05-28 16:57:00,2026-05-28 19:47:00,170,2026-05-28 19:47:00
762,5,22,7,2026-01-31 12:15:00,2026-01-31 15:42:00,207,2026-01-31 15:42:00
763,23,28,8,2026-05-26 13:09:00,2026-05-26 15:19:00,130,2026-05-26 15:19:00
764,10,46,4,2026-02-06 13:57:00,2026-02-06 18:22:00,265,2026-02-06 18:22:00
765,19,43,12,2026-05-16 09:38:00,2026-05-16 13:31:00,233,2026-05-16 13:31:00
766,9,34,10,2026-01-06 15:08:00,2026-01-06 15:55:00,47,2026-01-06 15:55:00
767,11,58,10,2026-05-20 17:39:00,2026-05-20 18:26:00,47,2026-05-20 18:26:00
768,2,40,2,2026-05-19 14:16:00,2026-05-19 15:44:00,88,2026-05-19 15:44:00
769,6,43,9,2026-04-29 15:31:00,2026-04-29 18:42:00,191,2026-04-29 18:42:00
770,9,35,12,2026-03-11 08:49:00,2026-03-11 11:59:00,190,2026-03-11 11:59:00
771,5,57,1,2026-06-01 16:28:00,2026-06-01 21:08:00,280,2026-06-01 21:08:00
772,20,42,8,2026-02-01 13:41:00,2026-02-01 18:04:00,263,2026-02-01 18:04:00
773,2,23,11,2026-04-08 09:57:00,2026-04-08 12:01:00,124,2026-04-08 12:01:00
774,8,57,12,2026-05-09 10:06:00,2026-05-09 13:27:00,201,2026-05-09 13:27:00
775,1,30,2,2026-02-17 16:25:00,2026-02-17 18:16:00,111,2026-02-17 18:16:00
776,25,19,1,2026-04-02 10:28:00,2026-04-02 13:53:00,205,2026-04-02 13:53:00
777,25,43,7,2026-01-01 08:50:00,2026-01-01 13:21:00,271,2026-01-01 13:21:00
778,12,32,12,2026-04-03 12:31:00,2026-04-03 14:07:00,96,2026-04-03 14:07:00
779,22,23,1,2026-01-09 08:51:00,2026-01-09 12:40:00,229,2026-01-09 12:40:00
780,24,59,11,2026-02-06 17:55:00,2026-02-06 20:42:00,167,2026-02-06 20:42:00
781,2,33,6,2026-01-23 09:21:00,2026-01-23 12:26:00,185,2026-01-23 12:26:00
782,15,37,11,2026-01-10 09:13:00,2026-01-10 11:11:00,118,2026-01-10 11:11:00
783,21,36,10,2026-02-16 09:56:00,2026-02-16 12:08:00,132,2026-02-16 12:08:00
784,25,24,7,2026-05-21 14:24:00,2026-05-21 18:52:00,268,2026-05-21 18:52:00
785,3,53,7,2026-03-11 13:07:00,2026-03-11 15:30:00,143,2026-03-11 15:30:00
786,11,34,3,2026-02-07 12:08:00,2026-02-07 14:53:00,165,2026-02-07 14:53:00
787,17,28,6,2026-01-11 15:05:00,2026-01-11 18:05:00,180,2026-01-11 18:05:00
788,22,43,10,2026-03-06 10:17:00,2026-03-06 10:54:00,37,2026-03-06 10:54:00
789,19,37,9,2026-01-21 16:40:00,2026-01-21 18:44:00,124,2026-01-21 18:44:00
790,3,10,6,2026-04-01 12:14:00,2026-04-01 16:45:00,271,2026-04-01 16:45:00
791,8,28,6,2026-03-29 17:35:00,2026-03-29 19:39:00,124,2026-03-29 19:39:00
792,13,53,8,2026-01-03 08:00:00,2026-01-03 10:28:00,148,2026-01-03 10:28:00
793,15,26,1,2026-03-19 17:35:00,2026-03-19 18:24:00,49,2026-03-19 18:24:00
794,17,13,10,2026-02-26 09:23:00,2026-02-26 13:13:00,230,2026-02-26 13:13:00
795,18,9,2,2026-01-17 13:21:00,2026-01-17 14:31:00,70,2026-01-17 14:31:00
796,2,24,6,2026-03-17 12:39:00,2026-03-17 13:57:00,78,2026-03-17 13:57:00
797,12,31,6,2026-02-07 16:38:00,2026-02-07 18:37:00,119,2026-02-07 18:37:00
798,5,24,9,2026-01-17 15:18:00,2026-01-17 18:10:00,172,2026-01-17 18:10:00
799,22,17,11,2026-03-03 08:45:00,2026-03-03 12:58:00,253,2026-03-03 12:58:00
800,14,38,2,2026-04-04 14:52:00,2026-04-04 19:19:00,267,2026-04-04 19:19:00
801,13,16,10,2026-04-24 17:28:00,2026-04-24 19:47:00,139,2026-04-24 19:47:00
802,10,1,4,2026-03-21 14:39:00,2026-03-21 15:35:00,56,2026-03-21 15:35:00
803,20,16,7,2026-01-14 10:10:00,2026-01-14 14:20:00,250,2026-01-14 14:20:00
804,5,36,8,2026-02-05 11:11:00,2026-02-05 15:45:00,274,2026-02-05 15:45:00
805,13,25,4,2026-02-02 14:00:00,2026-02-02 16:39:00,159,2026-02-02 16:39:00
806,11,22,6,2026-04-04 08:11:00,2026-04-04 12:22:00,251,2026-04-04 12:22:00
807,10,41,2,2026-04-27 16:13:00,2026-04-27 17:59:00,106,2026-04-27 17:59:00
808,12,5,6,2026-02-16 10:35:00,2026-02-16 12:20:00,105,2026-02-16 12:20:00
809,3,3,5,2026-02-04 09:29:00,2026-02-04 12:05:00,156,2026-02-04 12:05:00
810,17,4,9,2026-01-04 16:21:00,2026-01-04 16:52:00,31,2026-01-04 16:52:00
811,9,8,2,2026-04-28 14:08:00,2026-04-28 18:15:00,247,2026-04-28 18:15:00
812,2,2,7,2026-03-02 17:30:00,2026-03-02 21:17:00,227,2026-03-02 21:17:00
813,22,37,9,2026-05-17 14:49:00,2026-05-17 17:59:00,190,2026-05-17 17:59:00
814,21,3,3,2026-05-14 11:06:00,2026-05-14 13:59:00,173,2026-05-14 13:59:00
815,18,7,2,2026-04-09 11:38:00,2026-04-09 14:41:00,183,2026-04-09 14:41:00
816,20,8,6,2026-04-08 11:06:00,2026-04-08 15:55:00,289,2026-04-08 15:55:00
817,11,46,9,2026-04-16 13:37:00,2026-04-16 16:24:00,167,2026-04-16 16:24:00
818,21,32,5,2026-02-18 12:37:00,2026-02-18 14:22:00,105,2026-02-18 14:22:00
819,12,15,4,2026-05-29 15:22:00,2026-05-29 19:48:00,266,2026-05-29 19:48:00
820,14,43,5,2026-01-27 10:47:00,2026-01-27 15:04:00,257,2026-01-27 15:04:00
821,9,25,7,2026-06-02 16:10:00,2026-06-02 20:40:00,270,2026-06-02 20:40:00
822,15,58,2,2026-01-09 10:04:00,2026-01-09 11:44:00,100,2026-01-09 11:44:00
823,25,21,1,2026-05-03 16:39:00,2026-05-03 19:21:00,162,2026-05-03 19:21:00
824,13,21,2,2026-03-23 15:12:00,2026-03-23 18:53:00,221,2026-03-23 18:53:00
825,21,59,2,2026-03-06 10:11:00,2026-03-06 14:44:00,273,2026-03-06 14:44:00
826,16,50,10,2026-02-08 09:52:00,2026-02-08 11:51:00,119,2026-02-08 11:51:00
827,10,3,9,2026-02-06 14:57:00,2026-02-06 18:55:00,238,2026-02-06 18:55:00
828,18,49,12,2026-02-20 16:04:00,2026-02-20 17:46:00,102,2026-02-20 17:46:00
829,6,8,12,2026-04-28 09:05:00,2026-04-28 12:49:00,224,2026-04-28 12:49:00
830,11,38,6,2026-03-01 08:53:00,2026-03-01 12:29:00,216,2026-03-01 12:29:00
831,19,60,5,2026-04-18 14:53:00,2026-04-18 17:38:00,165,2026-04-18 17:38:00
832,20,32,1,2026-03-14 16:58:00,2026-03-14 18:09:00,71,2026-03-14 18:09:00
833,12,34,1,2026-01-18 12:10:00,2026-01-18 13:28:00,78,2026-01-18 13:28:00
834,20,43,5,2026-03-26 09:40:00,2026-03-26 13:15:00,215,2026-03-26 13:15:00
835,9,47,5,2026-04-27 09:58:00,2026-04-27 10:52:00,54,2026-04-27 10:52:00
836,18,23,9,2026-04-23 10:28:00,2026-04-23 13:26:00,178,2026-04-23 13:26:00
837,17,1,5,2026-03-02 17:52:00,2026-03-02 19:28:00,96,2026-03-02 19:28:00
838,18,40,2,2026-04-26 08:33:00,2026-04-26 09:39:00,66,2026-04-26 09:39:00
839,18,10,7,2026-05-20 15:49:00,2026-05-20 17:17:00,88,2026-05-20 17:17:00
840,10,32,2,2026-01-14 08:27:00,2026-01-14 10:36:00,129,2026-01-14 10:36:00
841,9,1,7,2026-03-07 17:00:00,2026-03-07 21:14:00,254,2026-03-07 21:14:00
842,10,9,10,2026-02-14 17:17:00,2026-02-14 21:56:00,279,2026-02-14 21:56:00
843,11,20,11,2026-03-19 14:32:00,2026-03-19 18:01:00,209,2026-03-19 18:01:00
844,4,47,3,2026-04-03 16:35:00,2026-04-03 19:43:00,188,2026-04-03 19:43:00
845,6,32,2,2026-02-07 09:41:00,2026-02-07 11:13:00,92,2026-02-07 11:13:00
846,16,55,5,2026-03-25 15:25:00,2026-03-25 16:29:00,64,2026-03-25 16:29:00
847,17,4,1,2026-04-10 17:17:00,2026-04-10 19:20:00,123,2026-04-10 19:20:00
848,16,29,8,2026-03-04 16:12:00,2026-03-04 17:52:00,100,2026-03-04 17:52:00
849,13,17,3,2026-02-22 11:27:00,2026-02-22 15:06:00,219,2026-02-22 15:06:00
850,10,56,8,2026-03-07 15:47:00,2026-03-07 20:05:00,258,2026-03-07 20:05:00
851,5,14,5,2026-05-14 12:30:00,2026-05-14 16:38:00,248,2026-05-14 16:38:00
852,6,8,6,2026-02-06 12:55:00,2026-02-06 17:33:00,278,2026-02-06 17:33:00
853,23,17,2,2026-05-21 14:27:00,2026-05-21 19:15:00,288,2026-05-21 19:15:00
854,13,10,11,2026-03-15 16:43:00,2026-03-15 20:19:00,216,2026-03-15 20:19:00
855,24,48,8,2026-05-06 13:00:00,2026-05-06 15:04:00,124,2026-05-06 15:04:00
856,22,8,6,2026-04-04 12:03:00,2026-04-04 14:59:00,176,2026-04-04 14:59:00
857,13,14,9,2026-03-06 17:03:00,2026-03-06 21:15:00,252,2026-03-06 21:15:00
858,3,14,1,2026-03-06 12:42:00,2026-03-06 17:29:00,287,2026-03-06 17:29:00
859,5,37,10,2026-03-09 14:09:00,2026-03-09 17:50:00,221,2026-03-09 17:50:00
860,25,15,4,2026-02-23 11:21:00,2026-02-23 12:30:00,69,2026-02-23 12:30:00
861,3,28,11,2026-01-10 12:06:00,2026-01-10 13:31:00,85,2026-01-10 13:31:00
862,6,57,12,2026-03-12 12:51:00,2026-03-12 16:41:00,230,2026-03-12 16:41:00
863,19,8,11,2026-01-27 09:47:00,2026-01-27 12:26:00,159,2026-01-27 12:26:00
864,14,49,8,2026-03-02 15:50:00,2026-03-02 19:45:00,235,2026-03-02 19:45:00
865,10,41,4,2026-05-05 15:41:00,2026-05-05 19:48:00,247,2026-05-05 19:48:00
866,25,52,4,2026-05-17 08:13:00,2026-05-17 10:17:00,124,2026-05-17 10:17:00
867,25,21,11,2026-02-02 13:29:00,2026-02-02 16:49:00,200,2026-02-02 16:49:00
868,16,51,12,2026-05-17 11:40:00,2026-05-17 15:42:00,242,2026-05-17 15:42:00
869,9,54,10,2026-01-27 17:06:00,2026-01-27 21:50:00,284,2026-01-27 21:50:00
870,13,51,11,2026-03-25 10:02:00,2026-03-25 13:46:00,224,2026-03-25 13:46:00
871,8,20,1,2026-05-28 14:32:00,2026-05-28 17:19:00,167,2026-05-28 17:19:00
872,18,25,3,2026-05-18 15:15:00,2026-05-18 15:50:00,35,2026-05-18 15:50:00
873,22,55,8,2026-01-09 09:29:00,2026-01-09 10:11:00,42,2026-01-09 10:11:00
874,8,28,7,2026-02-23 12:00:00,2026-02-23 15:42:00,222,2026-02-23 15:42:00
875,16,8,12,2026-01-07 12:28:00,2026-01-07 15:57:00,209,2026-01-07 15:57:00
876,3,1,7,2026-03-21 09:12:00,2026-03-21 11:57:00,165,2026-03-21 11:57:00
877,2,38,3,2026-05-31 08:15:00,2026-05-31 12:19:00,244,2026-05-31 12:19:00
878,15,52,12,2026-05-27 12:41:00,2026-05-27 16:12:00,211,2026-05-27 16:12:00
879,25,7,5,2026-04-25 08:11:00,2026-04-25 12:54:00,283,2026-04-25 12:54:00
880,11,50,8,2026-01-12 17:42:00,2026-01-12 20:01:00,139,2026-01-12 20:01:00
881,18,49,8,2026-05-04 08:11:00,2026-05-04 12:53:00,282,2026-05-04 12:53:00
882,22,19,10,2026-01-05 15:28:00,2026-01-05 20:16:00,288,2026-01-05 20:16:00
883,3,45,9,2026-03-09 10:04:00,2026-03-09 10:40:00,36,2026-03-09 10:40:00
884,5,2,2,2026-04-03 14:27:00,2026-04-03 17:10:00,163,2026-04-03 17:10:00
885,18,6,12,2026-04-27 14:59:00,2026-04-27 18:59:00,240,2026-04-27 18:59:00
886,13,28,2,2026-01-20 10:17:00,2026-01-20 13:36:00,199,2026-01-20 13:36:00
887,20,38,9,2026-04-08 13:22:00,2026-04-08 17:50:00,268,2026-04-08 17:50:00
888,11,40,7,2026-05-15 10:16:00,2026-05-15 13:24:00,188,2026-05-15 13:24:00
889,15,33,4,2026-01-28 09:36:00,2026-01-28 12:37:00,181,2026-01-28 12:37:00
890,19,11,8,2026-04-19 08:44:00,2026-04-19 12:58:00,254,2026-04-19 12:58:00
891,9,14,5,2026-04-08 10:05:00,2026-04-08 13:54:00,229,2026-04-08 13:54:00
892,14,32,8,2026-04-29 13:54:00,2026-04-29 15:25:00,91,2026-04-29 15:25:00
893,5,48,12,2026-03-17 08:40:00,2026-03-17 12:17:00,217,2026-03-17 12:17:00
894,2,29,1,2026-05-26 10:46:00,2026-05-26 12:19:00,93,2026-05-26 12:19:00
895,8,30,11,2026-05-02 13:52:00,2026-05-02 16:01:00,129,2026-05-02 16:01:00
896,7,19,11,2026-04-13 17:46:00,2026-04-13 21:52:00,246,2026-04-13 21:52:00
897,8,49,11,2026-01-23 13:35:00,2026-01-23 17:36:00,241,2026-01-23 17:36:00
898,12,49,1,2026-04-04 16:07:00,2026-04-04 16:48:00,41,2026-04-04 16:48:00
899,13,19,2,2026-01-08 11:46:00,2026-01-08 13:52:00,126,2026-01-08 13:52:00
900,21,54,6,2026-01-03 15:42:00,2026-01-03 19:01:00,199,2026-01-03 19:01:00
901,21,38,1,2026-04-28 13:31:00,2026-04-28 15:15:00,104,2026-04-28 15:15:00
902,2,50,11,2026-05-02 09:33:00,2026-05-02 13:09:00,216,2026-05-02 13:09:00
903,21,52,7,2026-02-02 17:55:00,2026-02-02 19:35:00,100,2026-02-02 19:35:00
904,12,18,9,2026-03-23 17:44:00,2026-03-23 22:26:00,282,2026-03-23 22:26:00
905,1,41,6,2026-03-21 10:08:00,2026-03-21 10:49:00,41,2026-03-21 10:49:00
906,15,20,11,2026-03-07 14:05:00,2026-03-07 16:57:00,172,2026-03-07 16:57:00
907,14,44,1,2026-06-03 11:18:00,2026-06-03 14:20:00,182,2026-06-03 14:20:00
908,17,5,8,2026-03-09 13:37:00,2026-03-09 15:51:00,134,2026-03-09 15:51:00
909,4,41,4,2026-03-21 11:39:00,2026-03-21 14:13:00,154,2026-03-21 14:13:00
910,13,2,7,2026-05-25 09:06:00,2026-05-25 10:27:00,81,2026-05-25 10:27:00
911,21,42,12,2026-05-22 09:23:00,2026-05-22 13:32:00,249,2026-05-22 13:32:00
912,18,54,6,2026-05-19 13:39:00,2026-05-19 15:33:00,114,2026-05-19 15:33:00
913,4,55,11,2026-05-17 12:58:00,2026-05-17 16:29:00,211,2026-05-17 16:29:00
914,24,23,4,2026-02-26 14:54:00,2026-02-26 17:12:00,138,2026-02-26 17:12:00
915,25,41,1,2026-04-15 12:06:00,2026-04-15 16:53:00,287,2026-04-15 16:53:00
916,5,37,1,2026-03-05 13:55:00,2026-03-05 17:43:00,228,2026-03-05 17:43:00
917,12,39,10,2026-03-31 11:30:00,2026-03-31 15:43:00,253,2026-03-31 15:43:00
918,23,31,7,2026-05-08 12:03:00,2026-05-08 13:47:00,104,2026-05-08 13:47:00
919,16,53,3,2026-02-19 12:37:00,2026-02-19 16:35:00,238,2026-02-19 16:35:00
920,25,9,12,2026-05-11 14:06:00,2026-05-11 15:38:00,92,2026-05-11 15:38:00
921,9,56,10,2026-02-20 15:19:00,2026-02-20 19:38:00,259,2026-02-20 19:38:00
922,20,8,4,2026-02-04 14:46:00,2026-02-04 18:19:00,213,2026-02-04 18:19:00
923,8,23,7,2026-04-02 17:49:00,2026-04-02 18:43:00,54,2026-04-02 18:43:00
924,23,1,7,2026-03-12 14:22:00,2026-03-12 16:38:00,136,2026-03-12 16:38:00
925,16,52,2,2026-01-12 15:32:00,2026-01-12 16:08:00,36,2026-01-12 16:08:00
926,16,50,7,2026-03-10 16:53:00,2026-03-10 21:41:00,288,2026-03-10 21:41:00
927,20,37,1,2026-01-11 12:15:00,2026-01-11 16:40:00,265,2026-01-11 16:40:00
928,4,9,2,2026-05-29 09:02:00,2026-05-29 11:48:00,166,2026-05-29 11:48:00
929,23,20,3,2026-05-26 11:04:00,2026-05-26 11:51:00,47,2026-05-26 11:51:00
930,17,8,1,2026-03-30 08:32:00,2026-03-30 12:37:00,245,2026-03-30 12:37:00
931,6,36,12,2026-01-27 16:19:00,2026-01-27 21:03:00,284,2026-01-27 21:03:00
932,11,29,5,2026-04-04 10:12:00,2026-04-04 10:44:00,32,2026-04-04 10:44:00
933,22,42,1,2026-03-27 16:19:00,2026-03-27 17:03:00,44,2026-03-27 17:03:00
934,10,31,10,2026-05-03 10:11:00,2026-05-03 14:44:00,273,2026-05-03 14:44:00
935,6,42,7,2026-01-06 17:43:00,2026-01-06 18:52:00,69,2026-01-06 18:52:00
936,23,35,5,2026-04-22 14:07:00,2026-04-22 17:40:00,213,2026-04-22 17:40:00
937,10,53,4,2026-01-24 14:12:00,2026-01-24 18:28:00,256,2026-01-24 18:28:00
938,21,49,5,2026-01-01 10:59:00,2026-01-01 12:11:00,72,2026-01-01 12:11:00
939,20,19,1,2026-04-29 12:21:00,2026-04-29 15:06:00,165,2026-04-29 15:06:00
940,16,54,12,2026-02-17 17:23:00,2026-02-17 20:31:00,188,2026-02-17 20:31:00
941,7,48,12,2026-06-04 16:49:00,2026-06-04 17:41:00,52,2026-06-04 17:41:00
942,12,58,7,2026-03-03 13:26:00,2026-03-03 17:49:00,263,2026-03-03 17:49:00
943,3,59,5,2026-04-25 11:35:00,2026-04-25 14:19:00,164,2026-04-25 14:19:00
944,16,45,2,2026-03-14 15:07:00,2026-03-14 15:55:00,48,2026-03-14 15:55:00
945,17,14,4,2026-05-14 08:30:00,2026-05-14 12:47:00,257,2026-05-14 12:47:00
946,11,3,1,2026-03-05 14:42:00,2026-03-05 15:13:00,31,2026-03-05 15:13:00
947,5,26,9,2026-05-19 15:05:00,2026-05-19 16:20:00,75,2026-05-19 16:20:00
948,8,8,5,2026-05-28 15:37:00,2026-05-28 19:49:00,252,2026-05-28 19:49:00
949,11,36,3,2026-04-10 11:07:00,2026-04-10 15:33:00,266,2026-04-10 15:33:00
950,20,57,4,2026-05-17 14:24:00,2026-05-17 17:47:00,203,2026-05-17 17:47:00
951,21,52,6,2026-01-08 17:51:00,2026-01-08 19:37:00,106,2026-01-08 19:37:00
952,16,41,2,2026-05-26 17:17:00,2026-05-26 20:04:00,167,2026-05-26 20:04:00
953,5,2,4,2026-03-09 13:44:00,2026-03-09 16:31:00,167,2026-03-09 16:31:00
954,22,16,6,2026-02-21 12:25:00,2026-02-21 16:32:00,247,2026-02-21 16:32:00
955,12,30,7,2026-05-19 17:24:00,2026-05-19 19:13:00,109,2026-05-19 19:13:00
956,10,41,2,2026-05-24 08:40:00,2026-05-24 09:11:00,31,2026-05-24 09:11:00
957,8,42,1,2026-03-31 09:21:00,2026-03-31 12:35:00,194,2026-03-31 12:35:00
958,23,2,12,2026-04-06 16:05:00,2026-04-06 17:27:00,82,2026-04-06 17:27:00
959,8,50,8,2026-01-22 15:47:00,2026-01-22 20:20:00,273,2026-01-22 20:20:00
960,21,45,9,2026-02-25 09:59:00,2026-02-25 11:47:00,108,2026-02-25 11:47:00
961,16,41,6,2026-03-11 12:54:00,2026-03-11 13:41:00,47,2026-03-11 13:41:00
962,4,36,4,2026-03-06 08:00:00,2026-03-06 12:14:00,254,2026-03-06 12:14:00
963,2,35,11,2026-05-06 15:08:00,2026-05-06 16:03:00,55,2026-05-06 16:03:00
964,25,40,1,2026-02-07 12:38:00,2026-02-07 16:28:00,230,2026-02-07 16:28:00
965,15,28,5,2026-01-25 08:00:00,2026-01-25 10:20:00,140,2026-01-25 10:20:00
966,3,45,10,2026-03-02 13:10:00,2026-03-02 14:06:00,56,2026-03-02 14:06:00
967,20,1,10,2026-05-16 09:51:00,2026-05-16 12:34:00,163,2026-05-16 12:34:00
968,8,29,11,2026-01-13 14:12:00,2026-01-13 16:26:00,134,2026-01-13 16:26:00
969,20,43,8,2026-02-12 13:02:00,2026-02-12 15:58:00,176,2026-02-12 15:58:00
970,8,42,2,2026-05-11 09:03:00,2026-05-11 13:36:00,273,2026-05-11 13:36:00
971,4,7,12,2026-04-05 13:53:00,2026-04-05 14:30:00,37,2026-04-05 14:30:00
972,14,58,9,2026-04-18 14:18:00,2026-04-18 18:55:00,277,2026-04-18 18:55:00
973,5,30,12,2026-02-13 14:32:00,2026-02-13 16:19:00,107,2026-02-13 16:19:00
974,22,43,5,2026-02-04 13:09:00,2026-02-04 15:23:00,134,2026-02-04 15:23:00
975,18,56,6,2026-03-01 08:15:00,2026-03-01 11:44:00,209,2026-03-01 11:44:00
976,25,44,3,2026-05-09 11:10:00,2026-05-09 15:45:00,275,2026-05-09 15:45:00
977,20,35,4,2026-03-16 13:07:00,2026-03-16 17:51:00,284,2026-03-16 17:51:00
978,2,27,10,2026-05-24 16:53:00,2026-05-24 20:25:00,212,2026-05-24 20:25:00
979,18,54,11,2026-04-25 09:58:00,2026-04-25 14:19:00,261,2026-04-25 14:19:00
980,2,54,11,2026-04-11 12:35:00,2026-04-11 17:00:00,265,2026-04-11 17:00:00
981,6,31,6,2026-03-05 14:14:00,2026-03-05 18:59:00,285,2026-03-05 18:59:00
982,2,20,11,2026-01-22 10:54:00,2026-01-22 14:15:00,201,2026-01-22 14:15:00
983,1,10,7,2026-01-06 14:21:00,2026-01-06 16:10:00,109,2026-01-06 16:10:00
984,12,9,4,2026-03-14 16:05:00,2026-03-14 17:41:00,96,2026-03-14 17:41:00
985,19,6,3,2026-01-08 12:30:00,2026-01-08 14:21:00,111,2026-01-08 14:21:00
986,5,25,2,2026-04-16 08:14:00,2026-04-16 09:21:00,67,2026-04-16 09:21:00
987,10,4,10,2026-05-29 09:51:00,2026-05-29 11:58:00,127,2026-05-29 11:58:00
988,10,5,12,2026-02-20 12:00:00,2026-02-20 16:01:00,241,2026-02-20 16:01:00
989,6,47,8,2026-03-09 09:31:00,2026-03-09 13:37:00,246,2026-03-09 13:37:00
990,3,35,12,2026-01-16 08:52:00,2026-01-16 11:02:00,130,2026-01-16 11:02:00
991,20,13,3,2026-04-17 09:00:00,2026-04-17 11:37:00,157,2026-04-17 11:37:00
992,19,57,8,2026-02-19 14:56:00,2026-02-19 18:55:00,239,2026-02-19 18:55:00
993,15,32,8,2026-03-01 10:26:00,2026-03-01 14:24:00,238,2026-03-01 14:24:00
994,9,11,9,2026-03-22 10:31:00,2026-03-22 12:39:00,128,2026-03-22 12:39:00
995,14,10,2,2026-03-22 16:36:00,2026-03-22 18:09:00,93,2026-03-22 18:09:00
996,12,33,6,2026-04-16 08:09:00,2026-04-16 12:01:00,232,2026-04-16 12:01:00
997,16,10,3,2026-03-03 14:24:00,2026-03-03 18:23:00,239,2026-03-03 18:23:00
998,20,20,2,2026-05-24 08:52:00,2026-05-24 12:37:00,225,2026-05-24 12:37:00
999,2,17,10,2026-02-08 15:30:00,2026-02-08 17:28:00,118,2026-02-08 17:28:00
1000,4,5,5,2026-01-16 10:13:00,2026-01-16 14:46:00,273,2026-01-16 14:46:00
1001,4,3,6,2026-01-23 11:04:00,2026-01-23 12:20:00,76,2026-01-23 12:20:00
1002,17,26,3,2026-05-29 17:32:00,2026-05-29 21:30:00,238,2026-05-29 21:30:00
1003,11,21,4,2026-04-06 11:07:00,2026-04-06 11:46:00,39,2026-04-06 11:46:00
1004,23,22,6,2026-05-09 11:27:00,2026-05-09 14:56:00,209,2026-05-09 14:56:00
1005,14,44,12,2026-05-22 17:23:00,2026-05-22 20:09:00,166,2026-05-22 20:09:00
1006,9,43,3,2026-02-19 10:20:00,2026-02-19 13:34:00,194,2026-02-19 13:34:00
1007,6,15,10,2026-03-29 12:29:00,2026-03-29 13:48:00,79,2026-03-29 13:48:00
1008,7,34,4,2026-03-01 15:53:00,2026-03-01 18:17:00,144,2026-03-01 18:17:00
1009,18,54,12,2026-05-23 12:41:00,2026-05-23 13:11:00,30,2026-05-23 13:11:00
1010,14,55,12,2026-03-09 13:50:00,2026-03-09 16:34:00,164,2026-03-09 16:34:00
1011,1,30,4,2026-01-30 17:09:00,2026-01-30 19:09:00,120,2026-01-30 19:09:00
1012,9,22,7,2026-01-12 16:41:00,2026-01-12 21:23:00,282,2026-01-12 21:23:00
1013,25,51,12,2026-03-24 16:37:00,2026-03-24 18:43:00,126,2026-03-24 18:43:00
1014,7,12,2,2026-05-28 08:12:00,2026-05-28 12:52:00,280,2026-05-28 12:52:00
1015,8,38,7,2026-04-04 08:38:00,2026-04-04 10:49:00,131,2026-04-04 10:49:00
1016,20,15,3,2026-04-05 15:18:00,2026-04-05 19:42:00,264,2026-04-05 19:42:00
1017,22,5,5,2026-04-10 17:19:00,2026-04-10 18:02:00,43,2026-04-10 18:02:00
1018,12,10,12,2026-01-26 11:40:00,2026-01-26 12:37:00,57,2026-01-26 12:37:00
1019,17,34,12,2026-01-06 12:04:00,2026-01-06 15:29:00,205,2026-01-06 15:29:00
1020,25,19,4,2026-03-10 17:49:00,2026-03-10 18:37:00,48,2026-03-10 18:37:00
1021,9,60,1,2026-05-06 17:19:00,2026-05-06 20:41:00,202,2026-05-06 20:41:00
1022,21,26,11,2026-03-31 12:24:00,2026-03-31 14:34:00,130,2026-03-31 14:34:00
1023,2,37,2,2026-06-02 14:09:00,2026-06-02 17:44:00,215,2026-06-02 17:44:00
1024,24,50,11,2026-04-18 15:15:00,2026-04-18 19:32:00,257,2026-04-18 19:32:00
1025,15,38,6,2026-05-19 16:33:00,2026-05-19 20:23:00,230,2026-05-19 20:23:00
1026,22,4,7,2026-01-07 17:24:00,2026-01-07 20:50:00,206,2026-01-07 20:50:00
1027,17,48,7,2026-01-31 10:36:00,2026-01-31 14:38:00,242,2026-01-31 14:38:00
1028,4,22,11,2026-05-04 10:44:00,2026-05-04 14:46:00,242,2026-05-04 14:46:00
1029,3,59,4,2026-02-13 16:41:00,2026-02-13 20:57:00,256,2026-02-13 20:57:00
1030,18,60,11,2026-02-10 08:46:00,2026-02-10 10:19:00,93,2026-02-10 10:19:00
1031,2,14,3,2026-04-29 09:00:00,2026-04-29 10:38:00,98,2026-04-29 10:38:00
1032,3,15,1,2026-01-27 09:59:00,2026-01-27 14:21:00,262,2026-01-27 14:21:00
1033,17,22,12,2026-06-01 17:47:00,2026-06-01 21:39:00,232,2026-06-01 21:39:00
1034,5,10,11,2026-04-08 15:32:00,2026-04-08 17:13:00,101,2026-04-08 17:13:00
1035,14,16,6,2026-04-17 09:13:00,2026-04-17 13:24:00,251,2026-04-17 13:24:00
1036,2,47,6,2026-03-29 09:09:00,2026-03-29 12:00:00,171,2026-03-29 12:00:00
1037,25,46,9,2026-01-24 10:49:00,2026-01-24 15:24:00,275,2026-01-24 15:24:00
1038,19,56,2,2026-04-07 10:42:00,2026-04-07 14:53:00,251,2026-04-07 14:53:00
1039,2,26,1,2026-04-02 17:09:00,2026-04-02 21:56:00,287,2026-04-02 21:56:00
1040,14,17,4,2026-05-24 16:24:00,2026-05-24 18:00:00,96,2026-05-24 18:00:00
1041,9,17,4,2026-05-07 08:39:00,2026-05-07 11:06:00,147,2026-05-07 11:06:00
1042,19,58,4,2026-02-05 13:22:00,2026-02-05 16:15:00,173,2026-02-05 16:15:00
1043,7,11,6,2026-03-27 14:28:00,2026-03-27 17:45:00,197,2026-03-27 17:45:00
1044,11,1,5,2026-05-25 08:29:00,2026-05-25 09:18:00,49,2026-05-25 09:18:00
1045,6,56,3,2026-05-17 11:19:00,2026-05-17 14:34:00,195,2026-05-17 14:34:00
1046,23,1,4,2026-01-29 15:09:00,2026-01-29 16:05:00,56,2026-01-29 16:05:00
1047,25,22,5,2026-01-23 17:24:00,2026-01-23 21:07:00,223,2026-01-23 21:07:00
1048,3,33,10,2026-03-13 11:13:00,2026-03-13 14:30:00,197,2026-03-13 14:30:00
1049,15,33,11,2026-04-13 13:59:00,2026-04-13 16:56:00,177,2026-04-13 16:56:00
1050,23,47,4,2026-05-27 17:03:00,2026-05-27 20:53:00,230,2026-05-27 20:53:00
1051,1,30,12,2026-01-31 09:59:00,2026-01-31 14:39:00,280,2026-01-31 14:39:00
1052,8,7,8,2026-04-19 16:50:00,2026-04-19 19:22:00,152,2026-04-19 19:22:00
1053,11,35,5,2026-03-27 13:52:00,2026-03-27 18:25:00,273,2026-03-27 18:25:00
1054,20,60,2,2026-04-22 10:28:00,2026-04-22 12:35:00,127,2026-04-22 12:35:00
1055,19,40,9,2026-05-16 16:08:00,2026-05-16 20:32:00,264,2026-05-16 20:32:00
1056,1,52,10,2026-04-24 09:16:00,2026-04-24 12:11:00,175,2026-04-24 12:11:00
1057,5,54,8,2026-04-04 10:47:00,2026-04-04 15:34:00,287,2026-04-04 15:34:00
1058,6,37,11,2026-05-20 13:24:00,2026-05-20 14:31:00,67,2026-05-20 14:31:00
1059,2,26,9,2026-01-09 11:28:00,2026-01-09 12:28:00,60,2026-01-09 12:28:00
1060,21,23,8,2026-04-09 10:07:00,2026-04-09 13:21:00,194,2026-04-09 13:21:00
1061,14,56,10,2026-01-04 14:20:00,2026-01-04 17:17:00,177,2026-01-04 17:17:00
1062,21,28,1,2026-04-29 16:32:00,2026-04-29 20:23:00,231,2026-04-29 20:23:00
1063,1,52,5,2026-01-16 16:54:00,2026-01-16 19:44:00,170,2026-01-16 19:44:00
1064,24,42,8,2026-03-30 08:47:00,2026-03-30 11:40:00,173,2026-03-30 11:40:00
1065,20,48,7,2026-05-26 11:46:00,2026-05-26 14:12:00,146,2026-05-26 14:12:00
1066,14,48,6,2026-03-06 08:07:00,2026-03-06 10:33:00,146,2026-03-06 10:33:00
1067,12,8,3,2026-03-28 10:19:00,2026-03-28 11:36:00,77,2026-03-28 11:36:00
1068,8,26,4,2026-03-03 09:02:00,2026-03-03 12:29:00,207,2026-03-03 12:29:00
1069,3,20,3,2026-05-26 16:06:00,2026-05-26 18:46:00,160,2026-05-26 18:46:00
1070,7,43,3,2026-01-11 17:37:00,2026-01-11 20:53:00,196,2026-01-11 20:53:00
1071,15,43,8,2026-02-25 16:47:00,2026-02-25 18:10:00,83,2026-02-25 18:10:00
1072,14,13,6,2026-04-11 08:49:00,2026-04-11 10:31:00,102,2026-04-11 10:31:00
1073,9,58,1,2026-02-10 13:04:00,2026-02-10 15:06:00,122,2026-02-10 15:06:00
1074,11,21,7,2026-02-25 08:38:00,2026-02-25 13:20:00,282,2026-02-25 13:20:00
1075,3,24,8,2026-03-11 16:14:00,2026-03-11 20:04:00,230,2026-03-11 20:04:00
1076,25,24,5,2026-01-11 15:20:00,2026-01-11 16:37:00,77,2026-01-11 16:37:00
1077,25,60,11,2026-03-24 09:46:00,2026-03-24 12:50:00,184,2026-03-24 12:50:00
1078,2,13,2,2026-02-03 12:43:00,2026-02-03 15:04:00,141,2026-02-03 15:04:00
1079,19,44,3,2026-01-19 16:33:00,2026-01-19 17:56:00,83,2026-01-19 17:56:00
1080,24,26,5,2026-06-02 10:39:00,2026-06-02 12:45:00,126,2026-06-02 12:45:00
1081,4,41,4,2026-03-18 15:22:00,2026-03-18 18:53:00,211,2026-03-18 18:53:00
1082,7,14,1,2026-03-14 14:35:00,2026-03-14 18:24:00,229,2026-03-14 18:24:00
1083,5,24,10,2026-02-21 15:27:00,2026-02-21 17:38:00,131,2026-02-21 17:38:00
1084,7,44,4,2026-01-28 08:04:00,2026-01-28 09:15:00,71,2026-01-28 09:15:00
1085,9,11,8,2026-02-03 11:04:00,2026-02-03 12:35:00,91,2026-02-03 12:35:00
1086,25,7,10,2026-02-07 17:32:00,2026-02-07 21:43:00,251,2026-02-07 21:43:00
1087,8,45,2,2026-05-03 17:38:00,2026-05-03 20:14:00,156,2026-05-03 20:14:00
1088,8,48,12,2026-01-10 10:24:00,2026-01-10 11:21:00,57,2026-01-10 11:21:00
1089,16,23,8,2026-03-31 13:11:00,2026-03-31 17:59:00,288,2026-03-31 17:59:00
1090,24,27,5,2026-05-01 08:38:00,2026-05-01 10:09:00,91,2026-05-01 10:09:00
1091,2,30,1,2026-04-09 16:58:00,2026-04-09 18:52:00,114,2026-04-09 18:52:00
1092,15,58,11,2026-02-23 09:46:00,2026-02-23 14:15:00,269,2026-02-23 14:15:00
1093,23,56,8,2026-01-09 13:10:00,2026-01-09 14:04:00,54,2026-01-09 14:04:00
1094,1,24,4,2026-02-21 10:57:00,2026-02-21 12:59:00,122,2026-02-21 12:59:00
1095,13,27,12,2026-01-02 10:58:00,2026-01-02 11:49:00,51,2026-01-02 11:49:00
1096,13,58,10,2026-03-14 15:28:00,2026-03-14 19:52:00,264,2026-03-14 19:52:00
1097,1,7,4,2026-01-21 11:40:00,2026-01-21 13:24:00,104,2026-01-21 13:24:00
1098,1,54,6,2026-01-19 13:09:00,2026-01-19 17:54:00,285,2026-01-19 17:54:00
1099,6,14,6,2026-05-05 10:30:00,2026-05-05 11:32:00,62,2026-05-05 11:32:00
1100,20,8,3,2026-03-15 09:57:00,2026-03-15 13:35:00,218,2026-03-15 13:35:00
1101,11,30,3,2026-05-28 12:19:00,2026-05-28 16:44:00,265,2026-05-28 16:44:00
1102,9,55,4,2026-04-06 08:06:00,2026-04-06 12:33:00,267,2026-04-06 12:33:00
1103,22,8,2,2026-02-20 15:38:00,2026-02-20 16:31:00,53,2026-02-20 16:31:00
1104,17,4,5,2026-01-20 16:16:00,2026-01-20 19:27:00,191,2026-01-20 19:27:00
1105,2,20,1,2026-05-05 10:32:00,2026-05-05 12:07:00,95,2026-05-05 12:07:00
1106,10,59,12,2026-04-09 17:14:00,2026-04-09 17:51:00,37,2026-04-09 17:51:00
1107,20,7,10,2026-05-11 16:12:00,2026-05-11 19:21:00,189,2026-05-11 19:21:00
1108,3,11,6,2026-03-14 15:23:00,2026-03-14 16:51:00,88,2026-03-14 16:51:00
1109,19,11,6,2026-04-27 16:42:00,2026-04-27 18:39:00,117,2026-04-27 18:39:00
1110,18,11,8,2026-05-28 11:59:00,2026-05-28 13:03:00,64,2026-05-28 13:03:00
1111,15,25,9,2026-01-14 13:11:00,2026-01-14 14:45:00,94,2026-01-14 14:45:00
1112,1,6,3,2026-01-09 13:56:00,2026-01-09 17:21:00,205,2026-01-09 17:21:00
1113,24,20,3,2026-03-16 16:24:00,2026-03-16 18:13:00,109,2026-03-16 18:13:00
1114,21,11,11,2026-03-06 08:22:00,2026-03-06 10:12:00,110,2026-03-06 10:12:00
1115,25,48,11,2026-01-29 08:16:00,2026-01-29 10:55:00,159,2026-01-29 10:55:00
1116,20,1,12,2026-03-31 12:44:00,2026-03-31 16:25:00,221,2026-03-31 16:25:00
1117,22,49,2,2026-01-11 15:40:00,2026-01-11 20:03:00,263,2026-01-11 20:03:00
1118,21,7,12,2026-05-11 17:38:00,2026-05-11 20:54:00,196,2026-05-11 20:54:00
1119,24,59,9,2026-04-23 11:58:00,2026-04-23 12:40:00,42,2026-04-23 12:40:00
1120,20,44,3,2026-04-21 16:01:00,2026-04-21 20:43:00,282,2026-04-21 20:43:00
1121,20,16,9,2026-02-22 11:25:00,2026-02-22 15:29:00,244,2026-02-22 15:29:00
1122,17,20,6,2026-01-22 16:37:00,2026-01-22 19:16:00,159,2026-01-22 19:16:00
1123,9,1,6,2026-05-08 13:21:00,2026-05-08 16:06:00,165,2026-05-08 16:06:00
1124,24,33,11,2026-02-08 13:58:00,2026-02-08 15:55:00,117,2026-02-08 15:55:00
1125,17,49,4,2026-06-02 16:21:00,2026-06-02 20:51:00,270,2026-06-02 20:51:00
1126,21,24,8,2026-02-28 17:55:00,2026-02-28 22:01:00,246,2026-02-28 22:01:00
1127,11,29,2,2026-02-22 15:10:00,2026-02-22 17:32:00,142,2026-02-22 17:32:00
1128,21,26,11,2026-05-24 17:20:00,2026-05-24 20:35:00,195,2026-05-24 20:35:00
1129,6,45,3,2026-04-11 16:15:00,2026-04-11 18:31:00,136,2026-04-11 18:31:00
1130,9,43,8,2026-05-10 16:28:00,2026-05-10 17:31:00,63,2026-05-10 17:31:00
1131,25,51,5,2026-05-05 09:48:00,2026-05-05 11:00:00,72,2026-05-05 11:00:00
1132,13,17,11,2026-03-30 08:02:00,2026-03-30 11:47:00,225,2026-03-30 11:47:00
1133,12,45,12,2026-03-25 16:22:00,2026-03-25 19:37:00,195,2026-03-25 19:37:00
1134,16,48,2,2026-02-07 14:48:00,2026-02-07 19:15:00,267,2026-02-07 19:15:00
1135,22,27,12,2026-03-25 13:38:00,2026-03-25 14:17:00,39,2026-03-25 14:17:00
1136,23,52,8,2026-02-22 12:56:00,2026-02-22 15:56:00,180,2026-02-22 15:56:00
1137,14,52,6,2026-03-09 08:15:00,2026-03-09 09:35:00,80,2026-03-09 09:35:00
1138,13,1,5,2026-04-13 08:07:00,2026-04-13 08:50:00,43,2026-04-13 08:50:00
1139,6,49,5,2026-01-04 14:34:00,2026-01-04 19:07:00,273,2026-01-04 19:07:00
1140,6,6,9,2026-02-11 12:31:00,2026-02-11 13:18:00,47,2026-02-11 13:18:00
1141,10,29,11,2026-01-03 13:09:00,2026-01-03 14:36:00,87,2026-01-03 14:36:00
1142,13,16,3,2026-05-06 09:13:00,2026-05-06 10:38:00,85,2026-05-06 10:38:00
1143,22,18,2,2026-04-13 15:37:00,2026-04-13 20:23:00,286,2026-04-13 20:23:00
1144,6,35,4,2026-03-06 16:54:00,2026-03-06 21:03:00,249,2026-03-06 21:03:00
1145,18,59,11,2026-05-25 16:07:00,2026-05-25 17:43:00,96,2026-05-25 17:43:00
1146,9,2,11,2026-04-28 15:25:00,2026-04-28 16:40:00,75,2026-04-28 16:40:00
1147,10,14,8,2026-02-16 08:11:00,2026-02-16 09:38:00,87,2026-02-16 09:38:00
1148,14,26,9,2026-02-09 13:22:00,2026-02-09 14:56:00,94,2026-02-09 14:56:00
1149,18,55,3,2026-01-11 11:16:00,2026-01-11 11:54:00,38,2026-01-11 11:54:00
1150,21,45,9,2026-02-10 11:32:00,2026-02-10 15:54:00,262,2026-02-10 15:54:00
1151,22,18,7,2026-02-12 11:12:00,2026-02-12 12:58:00,106,2026-02-12 12:58:00
1152,25,7,9,2026-01-16 12:32:00,2026-01-16 16:32:00,240,2026-01-16 16:32:00
1153,9,54,2,2026-05-14 13:43:00,2026-05-14 14:26:00,43,2026-05-14 14:26:00
1154,23,16,11,2026-01-30 08:16:00,2026-01-30 11:07:00,171,2026-01-30 11:07:00
1155,10,27,10,2026-05-05 15:18:00,2026-05-05 18:41:00,203,2026-05-05 18:41:00
1156,21,39,11,2026-05-03 10:43:00,2026-05-03 13:16:00,153,2026-05-03 13:16:00
1157,19,18,10,2026-04-12 09:20:00,2026-04-12 13:17:00,237,2026-04-12 13:17:00
1158,14,2,7,2026-05-06 09:32:00,2026-05-06 13:52:00,260,2026-05-06 13:52:00
1159,3,47,6,2026-06-04 16:39:00,2026-06-04 20:32:00,233,2026-06-04 20:32:00
1160,5,18,12,2026-05-20 15:17:00,2026-05-20 16:25:00,68,2026-05-20 16:25:00
1161,10,44,11,2026-03-19 09:18:00,2026-03-19 13:52:00,274,2026-03-19 13:52:00
1162,22,16,10,2026-05-20 13:45:00,2026-05-20 17:20:00,215,2026-05-20 17:20:00
1163,24,18,4,2026-05-03 09:11:00,2026-05-03 10:26:00,75,2026-05-03 10:26:00
1164,12,51,7,2026-01-18 08:42:00,2026-01-18 10:26:00,104,2026-01-18 10:26:00
1165,17,57,5,2026-05-01 17:01:00,2026-05-01 21:32:00,271,2026-05-01 21:32:00
1166,2,8,7,2026-05-24 16:00:00,2026-05-24 17:22:00,82,2026-05-24 17:22:00
1167,8,13,7,2026-04-06 09:28:00,2026-04-06 12:28:00,180,2026-04-06 12:28:00
1168,23,56,4,2026-04-09 12:57:00,2026-04-09 16:19:00,202,2026-04-09 16:19:00
1169,11,14,11,2026-04-04 16:59:00,2026-04-04 20:45:00,226,2026-04-04 20:45:00
1170,15,48,4,2026-04-30 12:39:00,2026-04-30 15:05:00,146,2026-04-30 15:05:00
1171,19,31,11,2026-04-04 08:01:00,2026-04-04 10:15:00,134,2026-04-04 10:15:00
1172,6,56,2,2026-04-23 10:23:00,2026-04-23 13:15:00,172,2026-04-23 13:15:00
1173,9,49,10,2026-01-01 11:31:00,2026-01-01 15:46:00,255,2026-01-01 15:46:00
1174,24,44,11,2026-04-21 08:47:00,2026-04-21 11:31:00,164,2026-04-21 11:31:00
1175,6,33,11,2026-03-27 09:23:00,2026-03-27 10:40:00,77,2026-03-27 10:40:00
1176,14,44,6,2026-04-24 11:56:00,2026-04-24 16:14:00,258,2026-04-24 16:14:00
1177,6,45,9,2026-01-14 08:37:00,2026-01-14 11:00:00,143,2026-01-14 11:00:00
1178,2,51,1,2026-04-24 10:37:00,2026-04-24 14:17:00,220,2026-04-24 14:17:00
1179,10,18,9,2026-01-11 09:56:00,2026-01-11 14:13:00,257,2026-01-11 14:13:00
1180,4,58,5,2026-02-02 17:46:00,2026-02-02 19:10:00,84,2026-02-02 19:10:00
1181,14,19,3,2026-05-18 17:16:00,2026-05-18 19:59:00,163,2026-05-18 19:59:00
1182,21,14,11,2026-02-08 17:33:00,2026-02-08 18:28:00,55,2026-02-08 18:28:00
1183,23,23,11,2026-04-02 13:06:00,2026-04-02 13:58:00,52,2026-04-02 13:58:00
1184,5,41,11,2026-01-05 09:23:00,2026-01-05 11:56:00,153,2026-01-05 11:56:00
1185,16,44,8,2026-03-29 15:53:00,2026-03-29 19:38:00,225,2026-03-29 19:38:00
1186,8,27,5,2026-05-23 14:53:00,2026-05-23 15:40:00,47,2026-05-23 15:40:00
1187,3,49,6,2026-01-20 16:56:00,2026-01-20 20:08:00,192,2026-01-20 20:08:00
1188,12,51,3,2026-03-28 15:50:00,2026-03-28 20:13:00,263,2026-03-28 20:13:00
1189,10,57,9,2026-01-15 08:56:00,2026-01-15 12:32:00,216,2026-01-15 12:32:00
1190,8,49,9,2026-01-12 08:59:00,2026-01-12 09:32:00,33,2026-01-12 09:32:00
1191,2,23,2,2026-05-31 17:46:00,2026-05-31 22:25:00,279,2026-05-31 22:25:00
1192,21,35,1,2026-02-03 08:38:00,2026-02-03 11:26:00,168,2026-02-03 11:26:00
1193,18,46,3,2026-04-14 10:42:00,2026-04-14 11:19:00,37,2026-04-14 11:19:00
1194,9,13,9,2026-05-25 09:35:00,2026-05-25 10:39:00,64,2026-05-25 10:39:00
1195,11,54,9,2026-05-05 13:37:00,2026-05-05 15:58:00,141,2026-05-05 15:58:00
1196,12,24,10,2026-01-25 08:36:00,2026-01-25 10:28:00,112,2026-01-25 10:28:00
1197,11,22,10,2026-03-07 16:50:00,2026-03-07 20:45:00,235,2026-03-07 20:45:00
1198,23,6,12,2026-04-17 09:38:00,2026-04-17 13:05:00,207,2026-04-17 13:05:00
1199,21,45,4,2026-04-28 13:27:00,2026-04-28 15:40:00,133,2026-04-28 15:40:00
1200,1,56,8,2026-05-01 12:31:00,2026-05-01 15:33:00,182,2026-05-01 15:33:00
