id,meeting_id,user_id,created_at
1,1,3,2026-02-09 09:00:00
2,1,38,2026-02-09 09:00:00
3,1,48,2026-02-09 09:00:00
4,1,43,2026-02-09 09:00:00
5,2,48,2025-12-25 09:45:00
6,2,51,2025-12-25 09:45:00
7,2,3,2025-12-25 09:45:00
8,2,45,2025-12-25 09:45:00
9,2,14,2025-12-25 09:45:00
10,2,4,2025-12-25 09:45:00
11,2,38,2025-12-25 09:45:00
12,2,9,2025-12-25 09:45:00
13,2,17,2025-12-25 09:45:00
14,3,42,2026-04-21 15:45:00
15,3,38,2026-04-21 15:45:00
16,3,33,2026-04-21 15:45:00
17,3,7,2026-04-21 15:45:00
18,3,1,2026-04-21 15:45:00
19,3,47,2026-04-21 15:45:00
20,3,10,2026-04-21 15:45:00
21,3,35,2026-04-21 15:45:00
22,4,12,2026-06-07 13:15:00
23,4,22,2026-06-07 13:15:00
24,4,27,2026-06-07 13:15:00
25,4,38,2026-06-07 13:15:00
26,4,20,2026-06-07 13:15:00
27,4,28,2026-06-07 13:15:00
28,4,25,2026-06-07 13:15:00
29,4,46,2026-06-07 13:15:00
30,4,2,2026-06-07 13:15:00
31,4,6,2026-06-07 13:15:00
32,5,24,2026-01-15 10:15:00
33,5,11,2026-01-15 10:15:00
34,5,58,2026-01-15 10:15:00
35,5,3,2026-01-15 10:15:00
36,6,58,2026-03-02 14:30:00
37,6,2,2026-03-02 14:30:00
38,6,24,2026-03-02 14:30:00
39,6,7,2026-03-02 14:30:00
40,6,11,2026-03-02 14:30:00
41,7,26,2026-02-04 11:45:00
42,7,30,2026-02-04 11:45:00
43,7,22,2026-02-04 11:45:00
44,7,50,2026-02-04 11:45:00
45,7,49,2026-02-04 11:45:00
46,8,7,2026-01-11 10:30:00
47,8,11,2026-01-11 10:30:00
48,8,31,2026-01-11 10:30:00
49,8,50,2026-01-11 10:30:00
50,9,25,2026-06-03 13:15:00
51,9,28,2026-06-03 13:15:00
52,9,27,2026-06-03 13:15:00
53,9,46,2026-06-03 13:15:00
54,9,12,2026-06-03 13:15:00
55,9,6,2026-06-03 13:15:00
56,10,22,2026-03-02 13:00:00
57,10,14,2026-03-02 13:00:00
58,10,4,2026-03-02 13:00:00
59,10,3,2026-03-02 13:00:00
60,10,48,2026-03-02 13:00:00
61,10,43,2026-03-02 13:00:00
62,10,38,2026-03-02 13:00:00
63,10,51,2026-03-02 13:00:00
64,10,45,2026-03-02 13:00:00
65,11,2,2026-07-11 12:00:00
66,11,22,2026-07-11 12:00:00
67,11,46,2026-07-11 12:00:00
68,11,28,2026-07-11 12:00:00
69,11,24,2026-07-11 12:00:00
70,11,1,2026-07-11 12:00:00
71,11,12,2026-07-11 12:00:00
72,11,41,2026-07-11 12:00:00
73,11,6,2026-07-11 12:00:00
74,11,25,2026-07-11 12:00:00
75,12,46,2025-12-06 11:00:00
76,12,50,2025-12-06 11:00:00
77,12,14,2025-12-06 11:00:00
78,12,49,2025-12-06 11:00:00
79,12,53,2025-12-06 11:00:00
80,13,26,2026-03-15 12:45:00
81,13,49,2026-03-15 12:45:00
82,13,22,2026-03-15 12:45:00
83,13,28,2026-03-15 12:45:00
84,13,29,2026-03-15 12:45:00
85,13,60,2026-03-15 12:45:00
86,13,50,2026-03-15 12:45:00
87,13,56,2026-03-15 12:45:00
88,14,33,2026-06-22 15:15:00
89,14,7,2026-06-22 15:15:00
90,14,47,2026-06-22 15:15:00
91,14,1,2026-06-22 15:15:00
92,14,10,2026-06-22 15:15:00
93,14,38,2026-06-22 15:15:00
94,14,35,2026-06-22 15:15:00
95,14,42,2026-06-22 15:15:00
96,14,44,2026-06-22 15:15:00
97,15,1,2026-06-07 10:00:00
98,15,7,2026-06-07 10:00:00
99,15,33,2026-06-07 10:00:00
100,15,44,2026-06-07 10:00:00
101,16,50,2026-01-17 09:45:00
102,16,26,2026-01-17 09:45:00
103,16,22,2026-01-17 09:45:00
104,16,56,2026-01-17 09:45:00
105,16,30,2026-01-17 09:45:00
106,17,56,2026-02-11 10:00:00
107,17,60,2026-02-11 10:00:00
108,17,50,2026-02-11 10:00:00
109,17,29,2026-02-11 10:00:00
110,17,26,2026-02-11 10:00:00
111,18,37,2026-05-15 16:45:00
112,18,56,2026-05-15 16:45:00
113,18,58,2026-05-15 16:45:00
114,18,8,2026-05-15 16:45:00
115,18,12,2026-05-15 16:45:00
116,18,59,2026-05-15 16:45:00
117,19,7,2026-04-30 09:30:00
118,19,1,2026-04-30 09:30:00
119,19,42,2026-04-30 09:30:00
120,19,47,2026-04-30 09:30:00
121,19,38,2026-04-30 09:30:00
122,19,33,2026-04-30 09:30:00
123,19,35,2026-04-30 09:30:00
124,20,48,2026-04-17 10:15:00
125,20,41,2026-04-17 10:15:00
126,20,8,2026-04-17 10:15:00
127,20,5,2026-04-17 10:15:00
128,20,33,2026-04-17 10:15:00
129,21,46,2026-01-14 16:30:00
130,21,53,2026-01-14 16:30:00
131,21,11,2026-01-14 16:30:00
132,21,26,2026-01-14 16:30:00
133,21,48,2026-01-14 16:30:00
134,21,7,2026-01-14 16:30:00
135,21,50,2026-01-14 16:30:00
136,22,38,2026-04-21 09:00:00
137,22,10,2026-04-21 09:00:00
138,22,44,2026-04-21 09:00:00
139,22,1,2026-04-21 09:00:00
140,22,7,2026-04-21 09:00:00
141,23,26,2026-03-02 11:15:00
142,23,50,2026-03-02 11:15:00
143,23,30,2026-03-02 11:15:00
144,23,28,2026-03-02 11:15:00
145,23,22,2026-03-02 11:15:00
146,24,22,2026-04-25 12:00:00
147,24,28,2026-04-25 12:00:00
148,24,56,2026-04-25 12:00:00
149,24,50,2026-04-25 12:00:00
150,24,49,2026-04-25 12:00:00
151,24,29,2026-04-25 12:00:00
152,24,60,2026-04-25 12:00:00
153,24,30,2026-04-25 12:00:00
154,24,26,2026-04-25 12:00:00
155,25,30,2026-03-12 15:30:00
156,25,43,2026-03-12 15:30:00
157,25,25,2026-03-12 15:30:00
158,25,32,2026-03-12 15:30:00
159,25,12,2026-03-12 15:30:00
160,25,39,2026-03-12 15:30:00
161,25,38,2026-03-12 15:30:00
162,25,35,2026-03-12 15:30:00
163,25,45,2026-03-12 15:30:00
164,26,49,2026-02-15 13:45:00
165,26,11,2026-02-15 13:45:00
166,26,14,2026-02-15 13:45:00
167,26,50,2026-02-15 13:45:00
168,26,26,2026-02-15 13:45:00
169,27,33,2026-06-14 12:15:00
170,27,37,2026-06-14 12:15:00
171,27,48,2026-06-14 12:15:00
172,27,41,2026-06-14 12:15:00
173,27,39,2026-06-14 12:15:00
174,27,8,2026-06-14 12:15:00
175,27,3,2026-06-14 12:15:00
176,27,5,2026-06-14 12:15:00
177,28,2,2026-03-17 13:45:00
178,28,20,2026-03-17 13:45:00
179,28,24,2026-03-17 13:45:00
180,28,25,2026-03-17 13:45:00
181,28,38,2026-03-17 13:45:00
182,28,32,2026-03-17 13:45:00
183,28,46,2026-03-17 13:45:00
184,28,12,2026-03-17 13:45:00
185,28,6,2026-03-17 13:45:00
186,28,28,2026-03-17 13:45:00
187,29,30,2026-04-07 11:45:00
188,29,50,2026-04-07 11:45:00
189,29,49,2026-04-07 11:45:00
190,29,56,2026-04-07 11:45:00
191,29,26,2026-04-07 11:45:00
192,29,60,2026-04-07 11:45:00
193,29,28,2026-04-07 11:45:00
194,29,22,2026-04-07 11:45:00
195,30,3,2026-01-22 10:00:00
196,30,24,2026-01-22 10:00:00
197,30,11,2026-01-22 10:00:00
198,30,7,2026-01-22 10:00:00
199,30,35,2026-01-22 10:00:00
200,30,58,2026-01-22 10:00:00
201,30,49,2026-01-22 10:00:00
202,30,2,2026-01-22 10:00:00
203,31,29,2026-05-29 10:15:00
204,31,30,2026-05-29 10:15:00
205,31,60,2026-05-29 10:15:00
206,31,22,2026-05-29 10:15:00
207,31,28,2026-05-29 10:15:00
208,32,60,2026-02-01 12:00:00
209,32,50,2026-02-01 12:00:00
210,32,56,2026-02-01 12:00:00
211,32,29,2026-02-01 12:00:00
212,32,28,2026-02-01 12:00:00
213,32,30,2026-02-01 12:00:00
214,32,49,2026-02-01 12:00:00
215,33,8,2026-04-03 09:15:00
216,33,58,2026-04-03 09:15:00
217,33,12,2026-04-03 09:15:00
218,33,56,2026-04-03 09:15:00
219,33,22,2026-04-03 09:15:00
220,33,59,2026-04-03 09:15:00
221,33,46,2026-04-03 09:15:00
222,33,42,2026-04-03 09:15:00
223,34,9,2025-12-13 14:00:00
224,34,38,2025-12-13 14:00:00
225,34,4,2025-12-13 14:00:00
226,34,3,2025-12-13 14:00:00
227,35,12,2026-05-05 13:00:00
228,35,42,2026-05-05 13:00:00
229,35,46,2026-05-05 13:00:00
230,35,56,2026-05-05 13:00:00
231,35,58,2026-05-05 13:00:00
232,36,35,2026-03-12 12:15:00
233,36,12,2026-03-12 12:15:00
234,36,25,2026-03-12 12:15:00
235,36,48,2026-03-12 12:15:00
236,36,39,2026-03-12 12:15:00
237,36,45,2026-03-12 12:15:00
238,37,48,2026-06-10 14:15:00
239,37,5,2026-06-10 14:15:00
240,37,8,2026-06-10 14:15:00
241,37,33,2026-06-10 14:15:00
242,37,41,2026-06-10 14:15:00
243,37,37,2026-06-10 14:15:00
244,37,39,2026-06-10 14:15:00
245,37,3,2026-06-10 14:15:00
246,38,28,2026-05-11 16:15:00
247,38,33,2026-05-11 16:15:00
248,38,36,2026-05-11 16:15:00
249,38,11,2026-05-11 16:15:00
250,38,22,2026-05-11 16:15:00
251,38,55,2026-05-11 16:15:00
252,38,23,2026-05-11 16:15:00
253,38,3,2026-05-11 16:15:00
254,39,1,2026-05-20 11:00:00
255,39,38,2026-05-20 11:00:00
256,39,7,2026-05-20 11:00:00
257,39,33,2026-05-20 11:00:00
258,40,57,2026-03-25 14:00:00
259,40,54,2026-03-25 14:00:00
260,40,39,2026-03-25 14:00:00
261,40,27,2026-03-25 14:00:00
262,40,40,2026-03-25 14:00:00
263,40,56,2026-03-25 14:00:00
264,40,50,2026-03-25 14:00:00
265,40,10,2026-03-25 14:00:00
266,40,24,2026-03-25 14:00:00
267,41,56,2026-02-03 12:30:00
268,41,57,2026-02-03 12:30:00
269,41,54,2026-02-03 12:30:00
270,41,39,2026-02-03 12:30:00
271,41,24,2026-02-03 12:30:00
272,41,50,2026-02-03 12:30:00
273,42,35,2026-03-03 14:15:00
274,42,49,2026-03-03 14:15:00
275,42,58,2026-03-03 14:15:00
276,42,24,2026-03-03 14:15:00
277,42,11,2026-03-03 14:15:00
278,42,2,2026-03-03 14:15:00
279,42,7,2026-03-03 14:15:00
280,42,3,2026-03-03 14:15:00
281,43,7,2026-04-15 14:15:00
282,43,38,2026-04-15 14:15:00
283,43,1,2026-04-15 14:15:00
284,43,10,2026-04-15 14:15:00
285,43,33,2026-04-15 14:15:00
286,43,47,2026-04-15 14:15:00
287,43,42,2026-04-15 14:15:00
288,43,44,2026-04-15 14:15:00
289,43,35,2026-04-15 14:15:00
290,44,14,2026-01-22 16:00:00
291,44,50,2026-01-22 16:00:00
292,44,26,2026-01-22 16:00:00
293,44,46,2026-01-22 16:00:00
294,44,31,2026-01-22 16:00:00
295,44,48,2026-01-22 16:00:00
296,45,49,2025-12-24 16:00:00
297,45,2,2025-12-24 16:00:00
298,45,24,2025-12-24 16:00:00
299,45,35,2025-12-24 16:00:00
300,45,58,2025-12-24 16:00:00
301,45,3,2025-12-24 16:00:00
302,45,11,2025-12-24 16:00:00
303,45,7,2025-12-24 16:00:00
304,46,30,2026-04-29 13:00:00
305,46,32,2026-04-29 13:00:00
306,46,48,2026-04-29 13:00:00
307,46,39,2026-04-29 13:00:00
308,47,8,2026-03-14 16:45:00
309,47,22,2026-03-14 16:45:00
310,47,42,2026-03-14 16:45:00
311,47,12,2026-03-14 16:45:00
312,47,56,2026-03-14 16:45:00
313,47,37,2026-03-14 16:45:00
314,47,59,2026-03-14 16:45:00
315,48,49,2026-04-08 09:00:00
316,48,14,2026-04-08 09:00:00
317,48,26,2026-04-08 09:00:00
318,48,31,2026-04-08 09:00:00
319,48,50,2026-04-08 09:00:00
320,48,46,2026-04-08 09:00:00
321,48,48,2026-04-08 09:00:00
322,48,7,2026-04-08 09:00:00
323,48,11,2026-04-08 09:00:00
324,49,39,2026-03-12 15:15:00
325,49,27,2026-03-12 15:15:00
326,49,10,2026-03-12 15:15:00
327,49,56,2026-03-12 15:15:00
328,49,40,2026-03-12 15:15:00
329,49,50,2026-03-12 15:15:00
330,49,24,2026-03-12 15:15:00
331,49,54,2026-03-12 15:15:00
332,50,58,2026-01-30 15:15:00
333,50,22,2026-01-30 15:15:00
334,50,42,2026-01-30 15:15:00
335,50,8,2026-01-30 15:15:00
336,50,59,2026-01-30 15:15:00
337,50,46,2026-01-30 15:15:00
338,50,56,2026-01-30 15:15:00
339,51,33,2026-06-08 16:30:00
340,51,39,2026-06-08 16:30:00
341,51,5,2026-06-08 16:30:00
342,51,37,2026-06-08 16:30:00
343,51,3,2026-06-08 16:30:00
344,51,41,2026-06-08 16:30:00
345,52,3,2026-03-18 13:45:00
346,52,4,2026-03-18 13:45:00
347,52,38,2026-03-18 13:45:00
348,52,48,2026-03-18 13:45:00
349,52,45,2026-03-18 13:45:00
350,52,17,2026-03-18 13:45:00
351,52,9,2026-03-18 13:45:00
352,52,51,2026-03-18 13:45:00
353,52,43,2026-03-18 13:45:00
354,53,28,2026-04-04 11:15:00
355,53,1,2026-04-04 11:15:00
356,53,32,2026-04-04 11:15:00
357,53,22,2026-04-04 11:15:00
358,53,2,2026-04-04 11:15:00
359,53,25,2026-04-04 11:15:00
360,54,45,2026-02-05 10:45:00
361,54,17,2026-02-05 10:45:00
362,54,3,2026-02-05 10:45:00
363,54,51,2026-02-05 10:45:00
364,54,48,2026-02-05 10:45:00
365,54,9,2026-02-05 10:45:00
366,54,14,2026-02-05 10:45:00
367,54,4,2026-02-05 10:45:00
368,54,22,2026-02-05 10:45:00
369,55,8,2026-02-01 10:00:00
370,55,58,2026-02-01 10:00:00
371,55,42,2026-02-01 10:00:00
372,55,59,2026-02-01 10:00:00
373,55,37,2026-02-01 10:00:00
374,55,46,2026-02-01 10:00:00
375,55,56,2026-02-01 10:00:00
376,55,22,2026-02-01 10:00:00
377,55,12,2026-02-01 10:00:00
378,56,53,2025-11-17 11:30:00
379,56,11,2025-11-17 11:30:00
380,56,50,2025-11-17 11:30:00
381,56,14,2025-11-17 11:30:00
382,57,49,2026-03-04 15:00:00
383,57,3,2026-03-04 15:00:00
384,57,2,2026-03-04 15:00:00
385,57,7,2026-03-04 15:00:00
386,57,11,2026-03-04 15:00:00
387,57,58,2026-03-04 15:00:00
388,57,35,2026-03-04 15:00:00
389,58,46,2026-01-15 15:45:00
390,58,15,2026-01-15 15:45:00
391,58,56,2026-01-15 15:45:00
392,58,47,2026-01-15 15:45:00
393,58,13,2026-01-15 15:45:00
394,58,9,2026-01-15 15:45:00
395,59,2,2025-12-11 10:15:00
396,59,35,2025-12-11 10:15:00
397,59,24,2025-12-11 10:15:00
398,59,3,2025-12-11 10:15:00
399,59,49,2025-12-11 10:15:00
400,60,7,2026-01-28 10:30:00
401,60,49,2026-01-28 10:30:00
402,60,48,2026-01-28 10:30:00
403,60,14,2026-01-28 10:30:00
404,61,33,2026-02-18 11:15:00
405,61,47,2026-02-18 11:15:00
406,61,7,2026-02-18 11:15:00
407,61,44,2026-02-18 11:15:00
408,61,10,2026-02-18 11:15:00
409,61,42,2026-02-18 11:15:00
410,61,1,2026-02-18 11:15:00
411,61,38,2026-02-18 11:15:00
412,61,35,2026-02-18 11:15:00
413,62,24,2025-12-20 15:00:00
414,62,57,2025-12-20 15:00:00
415,62,56,2025-12-20 15:00:00
416,62,40,2025-12-20 15:00:00
417,62,39,2025-12-20 15:00:00
418,62,59,2025-12-20 15:00:00
419,63,9,2026-03-31 13:00:00
420,63,51,2026-03-31 13:00:00
421,63,4,2026-03-31 13:00:00
422,63,3,2026-03-31 13:00:00
423,63,14,2026-03-31 13:00:00
424,64,48,2026-03-28 14:45:00
425,64,8,2026-03-28 14:45:00
426,64,41,2026-03-28 14:45:00
427,64,5,2026-03-28 14:45:00
428,64,37,2026-03-28 14:45:00
429,64,3,2026-03-28 14:45:00
430,64,39,2026-03-28 14:45:00
431,65,46,2026-04-27 09:30:00
432,65,39,2026-04-27 09:30:00
433,65,20,2026-04-27 09:30:00
434,65,6,2026-04-27 09:30:00
435,65,32,2026-04-27 09:30:00
436,66,46,2026-02-24 11:00:00
437,66,59,2026-02-24 11:00:00
438,66,58,2026-02-24 11:00:00
439,66,12,2026-02-24 11:00:00
440,66,42,2026-02-24 11:00:00
441,66,37,2026-02-24 11:00:00
442,67,43,2026-06-27 15:30:00
443,67,48,2026-06-27 15:30:00
444,67,35,2026-06-27 15:30:00
445,67,45,2026-06-27 15:30:00
446,68,57,2026-01-16 16:45:00
447,68,56,2026-01-16 16:45:00
448,68,50,2026-01-16 16:45:00
449,68,27,2026-01-16 16:45:00
450,68,40,2026-01-16 16:45:00
451,68,59,2026-01-16 16:45:00
452,68,10,2026-01-16 16:45:00
453,68,24,2026-01-16 16:45:00
454,68,39,2026-01-16 16:45:00
455,69,35,2026-03-11 11:00:00
456,69,58,2026-03-11 11:00:00
457,69,24,2026-03-11 11:00:00
458,69,2,2026-03-11 11:00:00
459,69,7,2026-03-11 11:00:00
460,69,11,2026-03-11 11:00:00
461,69,49,2026-03-11 11:00:00
462,70,49,2026-03-03 10:15:00
463,70,7,2026-03-03 10:15:00
464,70,11,2026-03-03 10:15:00
465,70,46,2026-03-03 10:15:00
466,70,14,2026-03-03 10:15:00
467,70,48,2026-03-03 10:15:00
468,70,50,2026-03-03 10:15:00
469,71,22,2026-05-24 09:45:00
470,71,26,2026-05-24 09:45:00
471,71,56,2026-05-24 09:45:00
472,71,30,2026-05-24 09:45:00
473,71,28,2026-05-24 09:45:00
474,71,29,2026-05-24 09:45:00
475,71,60,2026-05-24 09:45:00
476,71,49,2026-05-24 09:45:00
477,72,41,2026-06-27 15:45:00
478,72,48,2026-06-27 15:45:00
479,72,8,2026-06-27 15:45:00
480,72,3,2026-06-27 15:45:00
481,72,37,2026-06-27 15:45:00
482,72,39,2026-06-27 15:45:00
483,72,5,2026-06-27 15:45:00
484,73,49,2026-02-24 11:00:00
485,73,50,2026-02-24 11:00:00
486,73,26,2026-02-24 11:00:00
487,73,60,2026-02-24 11:00:00
488,73,29,2026-02-24 11:00:00
489,73,56,2026-02-24 11:00:00
490,73,22,2026-02-24 11:00:00
491,73,30,2026-02-24 11:00:00
492,73,28,2026-02-24 11:00:00
493,74,50,2026-05-16 09:15:00
494,74,22,2026-05-16 09:15:00
495,74,29,2026-05-16 09:15:00
496,74,26,2026-05-16 09:15:00
497,75,49,2026-02-10 09:45:00
498,75,11,2026-02-10 09:45:00
499,75,7,2026-02-10 09:45:00
500,75,2,2026-02-10 09:45:00
501,75,24,2026-02-10 09:45:00
502,76,56,2026-02-05 16:15:00
503,76,24,2026-02-05 16:15:00
504,76,57,2026-02-05 16:15:00
505,76,59,2026-02-05 16:15:00
506,76,39,2026-02-05 16:15:00
507,76,27,2026-02-05 16:15:00
508,76,50,2026-02-05 16:15:00
509,77,12,2026-02-13 15:00:00
510,77,42,2026-02-13 15:00:00
511,77,37,2026-02-13 15:00:00
512,77,22,2026-02-13 15:00:00
513,77,59,2026-02-13 15:00:00
514,77,46,2026-02-13 15:00:00
515,77,8,2026-02-13 15:00:00
516,78,7,2026-05-23 14:45:00
517,78,1,2026-05-23 14:45:00
518,78,35,2026-05-23 14:45:00
519,78,42,2026-05-23 14:45:00
520,78,10,2026-05-23 14:45:00
521,78,33,2026-05-23 14:45:00
522,79,35,2026-04-06 14:30:00
523,79,36,2026-04-06 14:30:00
524,79,55,2026-04-06 14:30:00
525,79,52,2026-04-06 14:30:00
526,79,42,2026-04-06 14:30:00
527,79,33,2026-04-06 14:30:00
528,79,31,2026-04-06 14:30:00
529,79,21,2026-04-06 14:30:00
530,79,28,2026-04-06 14:30:00
531,80,26,2026-04-13 16:30:00
532,80,30,2026-04-13 16:30:00
533,80,29,2026-04-13 16:30:00
534,80,49,2026-04-13 16:30:00
535,80,28,2026-04-13 16:30:00
536,80,56,2026-04-13 16:30:00
537,80,22,2026-04-13 16:30:00
538,81,12,2026-06-15 16:45:00
539,81,1,2026-06-15 16:45:00
540,81,24,2026-06-15 16:45:00
541,81,41,2026-06-15 16:45:00
542,81,2,2026-06-15 16:45:00
543,82,21,2026-03-04 09:00:00
544,82,55,2026-03-04 09:00:00
545,82,28,2026-03-04 09:00:00
546,82,52,2026-03-04 09:00:00
547,83,49,2026-04-25 10:00:00
548,83,2,2026-04-25 10:00:00
549,83,7,2026-04-25 10:00:00
550,83,3,2026-04-25 10:00:00
551,83,11,2026-04-25 10:00:00
552,83,58,2026-04-25 10:00:00
553,83,35,2026-04-25 10:00:00
554,83,24,2026-04-25 10:00:00
555,84,50,2025-11-19 11:15:00
556,84,14,2025-11-19 11:15:00
557,84,48,2025-11-19 11:15:00
558,84,26,2025-11-19 11:15:00
559,84,49,2025-11-19 11:15:00
560,84,31,2025-11-19 11:15:00
561,84,46,2025-11-19 11:15:00
562,85,49,2026-05-18 11:00:00
563,85,22,2026-05-18 11:00:00
564,85,50,2026-05-18 11:00:00
565,85,60,2026-05-18 11:00:00
566,85,26,2026-05-18 11:00:00
567,85,28,2026-05-18 11:00:00
568,85,30,2026-05-18 11:00:00
569,85,56,2026-05-18 11:00:00
570,85,29,2026-05-18 11:00:00
571,86,45,2026-05-20 13:00:00
572,86,43,2026-05-20 13:00:00
573,86,25,2026-05-20 13:00:00
574,86,30,2026-05-20 13:00:00
575,87,58,2026-01-05 16:30:00
576,87,12,2026-01-05 16:30:00
577,87,56,2026-01-05 16:30:00
578,87,59,2026-01-05 16:30:00
579,88,26,2026-03-22 11:30:00
580,88,14,2026-03-22 11:30:00
581,88,49,2026-03-22 11:30:00
582,88,50,2026-03-22 11:30:00
583,88,48,2026-03-22 11:30:00
584,88,53,2026-03-22 11:30:00
585,89,33,2026-03-11 09:00:00
586,89,52,2026-03-11 09:00:00
587,89,18,2026-03-11 09:00:00
588,89,60,2026-03-11 09:00:00
589,89,35,2026-03-11 09:00:00
590,90,35,2026-03-04 15:30:00
591,90,39,2026-03-04 15:30:00
592,90,30,2026-03-04 15:30:00
593,90,32,2026-03-04 15:30:00
594,90,43,2026-03-04 15:30:00
595,90,12,2026-03-04 15:30:00
596,90,45,2026-03-04 15:30:00
597,90,48,2026-03-04 15:30:00
598,90,25,2026-03-04 15:30:00
599,90,38,2026-03-04 15:30:00
600,91,3,2026-04-23 16:45:00
601,91,36,2026-04-23 16:45:00
602,91,55,2026-04-23 16:45:00
603,91,33,2026-04-23 16:45:00
604,91,52,2026-04-23 16:45:00
605,91,21,2026-04-23 16:45:00
606,91,11,2026-04-23 16:45:00
607,91,35,2026-04-23 16:45:00
608,92,22,2026-04-08 12:00:00
609,92,23,2026-04-08 12:00:00
610,92,36,2026-04-08 12:00:00
611,92,35,2026-04-08 12:00:00
612,92,55,2026-04-08 12:00:00
613,92,52,2026-04-08 12:00:00
614,92,11,2026-04-08 12:00:00
615,92,31,2026-04-08 12:00:00
616,93,56,2025-11-30 15:00:00
617,93,40,2025-11-30 15:00:00
618,93,50,2025-11-30 15:00:00
619,93,57,2025-11-30 15:00:00
620,93,27,2025-11-30 15:00:00
621,94,55,2026-06-16 11:15:00
622,94,42,2026-06-16 11:15:00
623,94,22,2026-06-16 11:15:00
624,94,36,2026-06-16 11:15:00
625,94,3,2026-06-16 11:15:00
626,94,31,2026-06-16 11:15:00
627,94,21,2026-06-16 11:15:00
628,95,43,2026-01-24 12:30:00
629,95,51,2026-01-24 12:30:00
630,95,48,2026-01-24 12:30:00
631,95,17,2026-01-24 12:30:00
632,95,3,2026-01-24 12:30:00
633,95,45,2026-01-24 12:30:00
634,96,38,2026-03-13 10:45:00
635,96,35,2026-03-13 10:45:00
636,96,39,2026-03-13 10:45:00
637,96,43,2026-03-13 10:45:00
638,96,32,2026-03-13 10:45:00
639,96,12,2026-03-13 10:45:00
640,96,48,2026-03-13 10:45:00
641,97,58,2026-01-28 11:45:00
642,97,24,2026-01-28 11:45:00
643,97,7,2026-01-28 11:45:00
644,97,3,2026-01-28 11:45:00
645,97,35,2026-01-28 11:45:00
646,97,2,2026-01-28 11:45:00
647,97,11,2026-01-28 11:45:00
648,97,49,2026-01-28 11:45:00
649,98,60,2026-04-05 10:30:00
650,98,26,2026-04-05 10:30:00
651,98,56,2026-04-05 10:30:00
652,98,29,2026-04-05 10:30:00
653,98,22,2026-04-05 10:30:00
654,98,28,2026-04-05 10:30:00
655,98,30,2026-04-05 10:30:00
656,99,2,2026-02-11 15:30:00
657,99,24,2026-02-11 15:30:00
658,99,7,2026-02-11 15:30:00
659,99,58,2026-02-11 15:30:00
660,99,35,2026-02-11 15:30:00
661,99,49,2026-02-11 15:30:00
662,100,2,2026-01-09 10:45:00
663,100,7,2026-01-09 10:45:00
664,100,35,2026-01-09 10:45:00
665,100,3,2026-01-09 10:45:00
666,101,3,2026-03-26 11:00:00
667,101,28,2026-03-26 11:00:00
668,101,31,2026-03-26 11:00:00
669,101,22,2026-03-26 11:00:00
670,101,21,2026-03-26 11:00:00
671,102,46,2026-01-05 12:00:00
672,102,8,2026-01-05 12:00:00
673,102,59,2026-01-05 12:00:00
674,102,22,2026-01-05 12:00:00
675,102,37,2026-01-05 12:00:00
676,102,12,2026-01-05 12:00:00
677,102,58,2026-01-05 12:00:00
678,103,15,2026-03-29 14:15:00
679,103,1,2026-03-29 14:15:00
680,103,60,2026-03-29 14:15:00
681,103,35,2026-03-29 14:15:00
682,103,52,2026-03-29 14:15:00
683,103,56,2026-03-29 14:15:00
684,103,46,2026-03-29 14:15:00
685,103,33,2026-03-29 14:15:00
686,104,35,2026-03-02 13:30:00
687,104,56,2026-03-02 13:30:00
688,104,13,2026-03-02 13:30:00
689,104,46,2026-03-02 13:30:00
690,104,52,2026-03-02 13:30:00
691,104,60,2026-03-02 13:30:00
692,104,15,2026-03-02 13:30:00
693,105,22,2026-03-31 09:00:00
694,105,30,2026-03-31 09:00:00
695,105,28,2026-03-31 09:00:00
696,105,26,2026-03-31 09:00:00
697,105,49,2026-03-31 09:00:00
698,106,4,2026-01-20 11:30:00
699,106,9,2026-01-20 11:30:00
700,106,14,2026-01-20 11:30:00
701,106,17,2026-01-20 11:30:00
702,106,3,2026-01-20 11:30:00
703,106,48,2026-01-20 11:30:00
704,106,22,2026-01-20 11:30:00
705,107,11,2026-01-31 12:00:00
706,107,53,2026-01-31 12:00:00
707,107,31,2026-01-31 12:00:00
708,107,7,2026-01-31 12:00:00
709,107,50,2026-01-31 12:00:00
710,107,26,2026-01-31 12:00:00
711,107,49,2026-01-31 12:00:00
712,108,35,2026-04-25 10:15:00
713,108,11,2026-04-25 10:15:00
714,108,49,2026-04-25 10:15:00
715,108,58,2026-04-25 10:15:00
716,108,2,2026-04-25 10:15:00
717,108,24,2026-04-25 10:15:00
718,108,7,2026-04-25 10:15:00
719,108,3,2026-04-25 10:15:00
720,109,1,2026-05-13 10:00:00
721,109,44,2026-05-13 10:00:00
722,109,35,2026-05-13 10:00:00
723,109,38,2026-05-13 10:00:00
724,109,42,2026-05-13 10:00:00
725,109,47,2026-05-13 10:00:00
726,110,2,2026-05-04 13:45:00
727,110,38,2026-05-04 13:45:00
728,110,27,2026-05-04 13:45:00
729,110,24,2026-05-04 13:45:00
730,111,12,2026-04-23 11:00:00
731,111,39,2026-04-23 11:00:00
732,111,38,2026-04-23 11:00:00
733,111,25,2026-04-23 11:00:00
734,111,43,2026-04-23 11:00:00
735,111,45,2026-04-23 11:00:00
736,111,48,2026-04-23 11:00:00
737,111,35,2026-04-23 11:00:00
738,112,22,2026-01-14 12:00:00
739,112,42,2026-01-14 12:00:00
740,112,8,2026-01-14 12:00:00
741,112,37,2026-01-14 12:00:00
742,112,46,2026-01-14 12:00:00
743,112,12,2026-01-14 12:00:00
744,112,59,2026-01-14 12:00:00
745,112,56,2026-01-14 12:00:00
746,113,39,2026-05-27 11:00:00
747,113,1,2026-05-27 11:00:00
748,113,25,2026-05-27 11:00:00
749,113,38,2026-05-27 11:00:00
750,113,22,2026-05-27 11:00:00
751,113,6,2026-05-27 11:00:00
752,114,18,2026-02-28 12:30:00
753,114,15,2026-02-28 12:30:00
754,114,1,2026-02-28 12:30:00
755,114,52,2026-02-28 12:30:00
756,114,9,2026-02-28 12:30:00
757,114,35,2026-02-28 12:30:00
758,114,60,2026-02-28 12:30:00
759,114,46,2026-02-28 12:30:00
760,114,13,2026-02-28 12:30:00
761,115,52,2026-05-29 12:30:00
762,115,22,2026-05-29 12:30:00
763,115,23,2026-05-29 12:30:00
764,115,36,2026-05-29 12:30:00
765,116,39,2025-12-01 11:15:00
766,116,50,2025-12-01 11:15:00
767,116,27,2025-12-01 11:15:00
768,116,24,2025-12-01 11:15:00
769,116,40,2025-12-01 11:15:00
770,116,59,2025-12-01 11:15:00
771,116,10,2025-12-01 11:15:00
772,117,39,2026-03-23 15:30:00
773,117,25,2026-03-23 15:30:00
774,117,30,2026-03-23 15:30:00
775,117,48,2026-03-23 15:30:00
776,118,5,2026-04-16 10:15:00
777,118,41,2026-04-16 10:15:00
778,118,8,2026-04-16 10:15:00
779,118,37,2026-04-16 10:15:00
780,118,39,2026-04-16 10:15:00
781,118,33,2026-04-16 10:15:00
782,118,3,2026-04-16 10:15:00
783,119,60,2026-04-09 12:15:00
784,119,1,2026-04-09 12:15:00
785,119,52,2026-04-09 12:15:00
786,119,9,2026-04-09 12:15:00
787,119,46,2026-04-09 12:15:00
788,119,56,2026-04-09 12:15:00
789,119,33,2026-04-09 12:15:00
790,119,18,2026-04-09 12:15:00
791,119,15,2026-04-09 12:15:00
792,120,5,2026-07-06 13:15:00
793,120,48,2026-07-06 13:15:00
794,120,37,2026-07-06 13:15:00
795,120,41,2026-07-06 13:15:00
796,120,8,2026-07-06 13:15:00
797,120,33,2026-07-06 13:15:00
798,121,29,2026-04-01 16:00:00
799,121,50,2026-04-01 16:00:00
800,121,30,2026-04-01 16:00:00
801,121,26,2026-04-01 16:00:00
802,122,7,2026-01-31 14:30:00
803,122,11,2026-01-31 14:30:00
804,122,2,2026-01-31 14:30:00
805,122,24,2026-01-31 14:30:00
806,122,35,2026-01-31 14:30:00
807,122,3,2026-01-31 14:30:00
808,122,49,2026-01-31 14:30:00
809,122,58,2026-01-31 14:30:00
810,123,26,2026-04-23 12:45:00
811,123,30,2026-04-23 12:45:00
812,123,60,2026-04-23 12:45:00
813,123,28,2026-04-23 12:45:00
814,123,56,2026-04-23 12:45:00
815,123,22,2026-04-23 12:45:00
816,123,50,2026-04-23 12:45:00
817,123,49,2026-04-23 12:45:00
818,123,29,2026-04-23 12:45:00
819,124,42,2026-01-23 10:00:00
820,124,22,2026-01-23 10:00:00
821,124,59,2026-01-23 10:00:00
822,124,8,2026-01-23 10:00:00
823,124,56,2026-01-23 10:00:00
824,124,58,2026-01-23 10:00:00
825,124,46,2026-01-23 10:00:00
826,124,37,2026-01-23 10:00:00
827,124,12,2026-01-23 10:00:00
828,125,52,2026-05-20 10:45:00
829,125,55,2026-05-20 10:45:00
830,125,35,2026-05-20 10:45:00
831,125,23,2026-05-20 10:45:00
832,125,31,2026-05-20 10:45:00
833,125,33,2026-05-20 10:45:00
834,125,21,2026-05-20 10:45:00
835,125,11,2026-05-20 10:45:00
836,125,36,2026-05-20 10:45:00
837,126,11,2026-02-12 10:45:00
838,126,28,2026-02-12 10:45:00
839,126,22,2026-02-12 10:45:00
840,126,3,2026-02-12 10:45:00
841,126,21,2026-02-12 10:45:00
842,126,55,2026-02-12 10:45:00
843,126,52,2026-02-12 10:45:00
844,126,23,2026-02-12 10:45:00
845,127,37,2026-05-28 15:00:00
846,127,5,2026-05-28 15:00:00
847,127,39,2026-05-28 15:00:00
848,127,33,2026-05-28 15:00:00
849,127,48,2026-05-28 15:00:00
850,127,41,2026-05-28 15:00:00
851,128,26,2026-01-19 13:45:00
852,128,53,2026-01-19 13:45:00
853,128,50,2026-01-19 13:45:00
854,128,11,2026-01-19 13:45:00
855,128,46,2026-01-19 13:45:00
856,128,31,2026-01-19 13:45:00
857,128,7,2026-01-19 13:45:00
858,129,8,2026-04-17 09:45:00
859,129,33,2026-04-17 09:45:00
860,129,5,2026-04-17 09:45:00
861,129,41,2026-04-17 09:45:00
862,129,48,2026-04-17 09:45:00
863,130,39,2026-04-16 11:15:00
864,130,35,2026-04-16 11:15:00
865,130,48,2026-04-16 11:15:00
866,130,38,2026-04-16 11:15:00
867,130,25,2026-04-16 11:15:00
868,130,32,2026-04-16 11:15:00
869,130,43,2026-04-16 11:15:00
870,130,45,2026-04-16 11:15:00
871,130,30,2026-04-16 11:15:00
872,131,25,2026-05-25 13:00:00
873,131,43,2026-05-25 13:00:00
874,131,45,2026-05-25 13:00:00
875,131,32,2026-05-25 13:00:00
876,131,12,2026-05-25 13:00:00
877,132,10,2026-01-14 13:15:00
878,132,56,2026-01-14 13:15:00
879,132,24,2026-01-14 13:15:00
880,132,54,2026-01-14 13:15:00
881,132,27,2026-01-14 13:15:00
882,133,22,2026-03-05 09:30:00
883,133,26,2026-03-05 09:30:00
884,133,28,2026-03-05 09:30:00
885,133,50,2026-03-05 09:30:00
886,133,60,2026-03-05 09:30:00
887,134,3,2026-03-14 14:30:00
888,134,55,2026-03-14 14:30:00
889,134,11,2026-03-14 14:30:00
890,134,36,2026-03-14 14:30:00
891,134,28,2026-03-14 14:30:00
892,134,31,2026-03-14 14:30:00
893,134,35,2026-03-14 14:30:00
894,134,22,2026-03-14 14:30:00
895,134,52,2026-03-14 14:30:00
896,135,17,2026-02-10 13:00:00
897,135,3,2026-02-10 13:00:00
898,135,14,2026-02-10 13:00:00
899,135,48,2026-02-10 13:00:00
900,136,36,2026-02-11 16:45:00
901,136,35,2026-02-11 16:45:00
902,136,42,2026-02-11 16:45:00
903,136,22,2026-02-11 16:45:00
904,136,23,2026-02-11 16:45:00
905,136,3,2026-02-11 16:45:00
906,137,2,2026-04-18 14:15:00
907,137,11,2026-04-18 14:15:00
908,137,58,2026-04-18 14:15:00
909,137,49,2026-04-18 14:15:00
910,137,3,2026-04-18 14:15:00
911,138,7,2026-03-26 12:30:00
912,138,24,2026-03-26 12:30:00
913,138,49,2026-03-26 12:30:00
914,138,35,2026-03-26 12:30:00
915,138,58,2026-03-26 12:30:00
916,138,3,2026-03-26 12:30:00
917,138,2,2026-03-26 12:30:00
918,138,11,2026-03-26 12:30:00
919,139,42,2026-03-10 14:30:00
920,139,44,2026-03-10 14:30:00
921,139,1,2026-03-10 14:30:00
922,139,38,2026-03-10 14:30:00
923,140,54,2026-02-24 10:15:00
924,140,24,2026-02-24 10:15:00
925,140,10,2026-02-24 10:15:00
926,140,40,2026-02-24 10:15:00
927,140,50,2026-02-24 10:15:00
928,140,59,2026-02-24 10:15:00
929,140,27,2026-02-24 10:15:00
930,141,46,2026-06-21 13:30:00
931,141,1,2026-06-21 13:30:00
932,141,27,2026-06-21 13:30:00
933,141,38,2026-06-21 13:30:00
934,141,25,2026-06-21 13:30:00
935,141,12,2026-06-21 13:30:00
936,142,31,2026-02-27 12:00:00
937,142,28,2026-02-27 12:00:00
938,142,21,2026-02-27 12:00:00
939,142,35,2026-02-27 12:00:00
940,142,3,2026-02-27 12:00:00
941,143,7,2026-02-06 14:15:00
942,143,33,2026-02-06 14:15:00
943,143,1,2026-02-06 14:15:00
944,143,44,2026-02-06 14:15:00
945,143,38,2026-02-06 14:15:00
946,143,10,2026-02-06 14:15:00
947,143,35,2026-02-06 14:15:00
948,143,47,2026-02-06 14:15:00
949,144,38,2026-03-08 09:15:00
950,144,1,2026-03-08 09:15:00
951,144,12,2026-03-08 09:15:00
952,144,20,2026-03-08 09:15:00
953,144,39,2026-03-08 09:15:00
954,144,2,2026-03-08 09:15:00
955,145,26,2026-03-31 09:45:00
956,145,49,2026-03-31 09:45:00
957,145,29,2026-03-31 09:45:00
958,145,22,2026-03-31 09:45:00
959,145,28,2026-03-31 09:45:00
960,145,60,2026-03-31 09:45:00
961,145,50,2026-03-31 09:45:00
962,145,56,2026-03-31 09:45:00
963,145,30,2026-03-31 09:45:00
964,146,10,2025-12-21 12:00:00
965,146,56,2025-12-21 12:00:00
966,146,50,2025-12-21 12:00:00
967,146,57,2025-12-21 12:00:00
968,146,39,2025-12-21 12:00:00
969,146,54,2025-12-21 12:00:00
970,146,27,2025-12-21 12:00:00
971,146,40,2025-12-21 12:00:00
972,146,59,2025-12-21 12:00:00
973,146,24,2025-12-21 12:00:00
974,147,35,2026-04-05 10:00:00
975,147,7,2026-04-05 10:00:00
976,147,58,2026-04-05 10:00:00
977,147,24,2026-04-05 10:00:00
978,147,3,2026-04-05 10:00:00
979,147,11,2026-04-05 10:00:00
980,148,33,2026-02-10 15:15:00
981,148,42,2026-02-10 15:15:00
982,148,38,2026-02-10 15:15:00
983,148,10,2026-02-10 15:15:00
984,148,44,2026-02-10 15:15:00
985,149,24,2026-02-24 11:45:00
986,149,56,2026-02-24 11:45:00
987,149,27,2026-02-24 11:45:00
988,149,59,2026-02-24 11:45:00
989,150,8,2026-08-01 13:15:00
990,150,33,2026-08-01 13:15:00
991,150,3,2026-08-01 13:15:00
992,150,37,2026-08-01 13:15:00
993,150,39,2026-08-01 13:15:00
994,150,48,2026-08-01 13:15:00
995,150,41,2026-08-01 13:15:00
996,151,20,2026-07-02 12:15:00
997,151,6,2026-07-02 12:15:00
998,151,28,2026-07-02 12:15:00
999,151,41,2026-07-02 12:15:00
1000,151,2,2026-07-02 12:15:00
1001,151,1,2026-07-02 12:15:00
1002,152,48,2026-01-06 16:15:00
1003,152,38,2026-01-06 16:15:00
1004,152,9,2026-01-06 16:15:00
1005,152,4,2026-01-06 16:15:00
1006,152,45,2026-01-06 16:15:00
1007,152,3,2026-01-06 16:15:00
1008,152,22,2026-01-06 16:15:00
1009,152,51,2026-01-06 16:15:00
1010,152,17,2026-01-06 16:15:00
1011,152,43,2026-01-06 16:15:00
1012,153,12,2026-04-09 15:15:00
1013,153,8,2026-04-09 15:15:00
1014,153,37,2026-04-09 15:15:00
1015,153,56,2026-04-09 15:15:00
1016,153,59,2026-04-09 15:15:00
1017,153,58,2026-04-09 15:15:00
1018,153,22,2026-04-09 15:15:00
1019,153,42,2026-04-09 15:15:00
1020,154,52,2026-04-17 16:45:00
1021,154,55,2026-04-17 16:45:00
1022,154,36,2026-04-17 16:45:00
1023,154,22,2026-04-17 16:45:00
1024,154,21,2026-04-17 16:45:00
1025,154,31,2026-04-17 16:45:00
1026,154,3,2026-04-17 16:45:00
1027,154,23,2026-04-17 16:45:00
1028,155,48,2026-05-10 15:30:00
1029,155,3,2026-05-10 15:30:00
1030,155,5,2026-05-10 15:30:00
1031,155,33,2026-05-10 15:30:00
1032,156,3,2026-05-24 16:30:00
1033,156,28,2026-05-24 16:30:00
1034,156,55,2026-05-24 16:30:00
1035,156,33,2026-05-24 16:30:00
1036,156,11,2026-05-24 16:30:00
1037,156,22,2026-05-24 16:30:00
1038,156,35,2026-05-24 16:30:00
1039,156,36,2026-05-24 16:30:00
1040,157,42,2026-05-07 13:00:00
1041,157,47,2026-05-07 13:00:00
1042,157,35,2026-05-07 13:00:00
1043,157,1,2026-05-07 13:00:00
1044,157,44,2026-05-07 13:00:00
1045,157,33,2026-05-07 13:00:00
1046,158,22,2026-04-29 16:15:00
1047,158,33,2026-04-29 16:15:00
1048,158,52,2026-04-29 16:15:00
1049,158,35,2026-04-29 16:15:00
1050,158,36,2026-04-29 16:15:00
1051,158,42,2026-04-29 16:15:00
1052,158,28,2026-04-29 16:15:00
1053,158,31,2026-04-29 16:15:00
1054,158,21,2026-04-29 16:15:00
1055,158,3,2026-04-29 16:15:00
1056,159,33,2026-03-23 10:30:00
1057,159,41,2026-03-23 10:30:00
1058,159,8,2026-03-23 10:30:00
1059,159,39,2026-03-23 10:30:00
1060,159,3,2026-03-23 10:30:00
1061,159,48,2026-03-23 10:30:00
1062,159,37,2026-03-23 10:30:00
1063,159,5,2026-03-23 10:30:00
1064,160,24,2026-02-27 09:45:00
1065,160,7,2026-02-27 09:45:00
1066,160,58,2026-02-27 09:45:00
1067,160,3,2026-02-27 09:45:00
1068,160,2,2026-02-27 09:45:00
1069,160,49,2026-02-27 09:45:00
1070,161,54,2026-03-12 09:45:00
1071,161,24,2026-03-12 09:45:00
1072,161,50,2026-03-12 09:45:00
1073,161,40,2026-03-12 09:45:00
1074,161,56,2026-03-12 09:45:00
1075,161,27,2026-03-12 09:45:00
1076,162,35,2026-04-29 11:45:00
1077,162,31,2026-04-29 11:45:00
1078,162,36,2026-04-29 11:45:00
1079,162,23,2026-04-29 11:45:00
1080,162,33,2026-04-29 11:45:00
1081,162,55,2026-04-29 11:45:00
1082,162,22,2026-04-29 11:45:00
1083,163,35,2026-04-30 10:45:00
1084,163,18,2026-04-30 10:45:00
1085,163,13,2026-04-30 10:45:00
1086,163,60,2026-04-30 10:45:00
1087,163,46,2026-04-30 10:45:00
1088,163,56,2026-04-30 10:45:00
1089,163,15,2026-04-30 10:45:00
1090,164,48,2025-12-31 14:15:00
1091,164,17,2025-12-31 14:15:00
1092,164,3,2025-12-31 14:15:00
1093,164,4,2025-12-31 14:15:00
1094,164,45,2025-12-31 14:15:00
1095,164,22,2025-12-31 14:15:00
1096,164,14,2025-12-31 14:15:00
1097,164,51,2025-12-31 14:15:00
1098,165,48,2025-12-24 11:00:00
1099,165,50,2025-12-24 11:00:00
1100,165,31,2025-12-24 11:00:00
1101,165,11,2025-12-24 11:00:00
1102,165,46,2025-12-24 11:00:00
1103,165,7,2025-12-24 11:00:00
1104,165,14,2025-12-24 11:00:00
1105,165,53,2025-12-24 11:00:00
1106,166,58,2026-04-11 12:15:00
1107,166,46,2026-04-11 12:15:00
1108,166,8,2026-04-11 12:15:00
1109,166,12,2026-04-11 12:15:00
1110,166,56,2026-04-11 12:15:00
1111,166,42,2026-04-11 12:15:00
1112,167,38,2026-04-19 16:00:00
1113,167,48,2026-04-19 16:00:00
1114,167,12,2026-04-19 16:00:00
1115,167,30,2026-04-19 16:00:00
1116,168,47,2026-03-31 15:15:00
1117,168,7,2026-03-31 15:15:00
1118,168,1,2026-03-31 15:15:00
1119,168,42,2026-03-31 15:15:00
1120,169,46,2026-03-25 13:15:00
1121,169,56,2026-03-25 13:15:00
1122,169,37,2026-03-25 13:15:00
1123,169,42,2026-03-25 13:15:00
1124,169,8,2026-03-25 13:15:00
1125,169,12,2026-03-25 13:15:00
1126,169,59,2026-03-25 13:15:00
1127,169,22,2026-03-25 13:15:00
1128,169,58,2026-03-25 13:15:00
1129,170,30,2026-02-17 10:15:00
1130,170,35,2026-02-17 10:15:00
1131,170,32,2026-02-17 10:15:00
1132,170,38,2026-02-17 10:15:00
1133,170,25,2026-02-17 10:15:00
1134,171,58,2026-04-25 11:45:00
1135,171,56,2026-04-25 11:45:00
1136,171,37,2026-04-25 11:45:00
1137,171,12,2026-04-25 11:45:00
1138,171,42,2026-04-25 11:45:00
1139,171,8,2026-04-25 11:45:00
1140,171,22,2026-04-25 11:45:00
1141,172,12,2026-06-18 16:30:00
1142,172,48,2026-06-18 16:30:00
1143,172,35,2026-06-18 16:30:00
1144,172,38,2026-06-18 16:30:00
1145,172,32,2026-06-18 16:30:00
1146,173,35,2025-12-31 16:15:00
1147,173,56,2025-12-31 16:15:00
1148,173,33,2025-12-31 16:15:00
1149,173,18,2025-12-31 16:15:00
1150,173,60,2025-12-31 16:15:00
1151,173,9,2025-12-31 16:15:00
1152,174,59,2026-03-26 11:00:00
1153,174,58,2026-03-26 11:00:00
1154,174,42,2026-03-26 11:00:00
1155,174,46,2026-03-26 11:00:00
1156,174,22,2026-03-26 11:00:00
1157,174,37,2026-03-26 11:00:00
1158,175,7,2026-03-25 11:45:00
1159,175,50,2026-03-25 11:45:00
1160,175,46,2026-03-25 11:45:00
1161,175,26,2026-03-25 11:45:00
1162,175,11,2026-03-25 11:45:00
1163,175,48,2026-03-25 11:45:00
1164,175,49,2026-03-25 11:45:00
1165,175,31,2026-03-25 11:45:00
1166,175,53,2026-03-25 11:45:00
1167,175,14,2026-03-25 11:45:00
1168,176,50,2026-01-19 12:45:00
1169,176,40,2026-01-19 12:45:00
1170,176,10,2026-01-19 12:45:00
1171,176,54,2026-01-19 12:45:00
1172,177,37,2026-06-26 10:45:00
1173,177,5,2026-06-26 10:45:00
1174,177,33,2026-06-26 10:45:00
1175,177,39,2026-06-26 10:45:00
1176,177,41,2026-06-26 10:45:00
1177,177,8,2026-06-26 10:45:00
1178,177,48,2026-06-26 10:45:00
1179,177,3,2026-06-26 10:45:00
1180,178,39,2026-04-19 13:00:00
1181,178,45,2026-04-19 13:00:00
1182,178,32,2026-04-19 13:00:00
1183,178,43,2026-04-19 13:00:00
1184,178,25,2026-04-19 13:00:00
1185,178,38,2026-04-19 13:00:00
1186,178,12,2026-04-19 13:00:00
1187,179,10,2026-04-29 16:30:00
1188,179,35,2026-04-29 16:30:00
1189,179,7,2026-04-29 16:30:00
1190,179,33,2026-04-29 16:30:00
1191,179,44,2026-04-29 16:30:00
1192,179,38,2026-04-29 16:30:00
1193,179,47,2026-04-29 16:30:00
1194,179,42,2026-04-29 16:30:00
1195,179,1,2026-04-29 16:30:00
1196,180,33,2026-02-15 10:15:00
1197,180,7,2026-02-15 10:15:00
1198,180,10,2026-02-15 10:15:00
1199,180,38,2026-02-15 10:15:00
1200,180,42,2026-02-15 10:15:00
1201,180,35,2026-02-15 10:15:00
1202,180,44,2026-02-15 10:15:00
