id,project_id,assignee_id,title,status,priority,estimated_hours,actual_hours,due_date,completed_at,created_at
1,10,45,实时消息推送平台-需求梳理-1,done,urgent,13.71,11.53,2026-06-25,2026-06-21,2026-06-16 09:00:00
2,1,59,科研工效分析平台-指标看板-2,blocked,urgent,24.84,8.23,2025-12-09,,2025-12-05 09:00:00
3,5,52,会议纪要结构化系统-接口开发-3,todo,low,10.83,1.25,2026-01-12,,2025-12-21 09:00:00
4,10,35,实时消息推送平台-权限控制-4,blocked,medium,6.4,0.5,2026-03-22,,2026-03-08 09:00:00
5,12,48,数据查询 Agent 平台-模型评估-5,blocked,medium,26.94,16.01,2026-04-19,,2026-04-16 09:00:00
6,6,42,数据质量监控平台-页面联调-6,in_progress,low,30.29,4.79,2026-04-20,,2026-04-01 09:00:00
7,2,53,设备使用监控系统-权限控制-7,review,low,8.63,3.56,2026-02-17,,2026-01-29 09:00:00
8,8,11,任务协同分析平台-指标看板-8,blocked,high,3.77,1.99,2026-05-11,,2026-05-08 09:00:00
9,4,11,项目进度管理平台-需求梳理-9,todo,high,16.55,3.27,2026-04-12,,2026-04-03 09:00:00
10,7,28,实验室资源调度系统-页面联调-10,blocked,medium,9.56,2.93,2026-03-08,,2026-02-14 09:00:00
11,2,7,设备使用监控系统-部署配置-11,review,high,8.32,3.39,2026-02-20,,2026-02-09 09:00:00
12,4,49,项目进度管理平台-指标看板-12,in_progress,urgent,20.89,4.46,2026-02-20,,2026-02-06 09:00:00
13,1,10,科研工效分析平台-需求梳理-13,blocked,urgent,20.95,19.86,2025-12-09,,2025-11-19 09:00:00
14,6,58,数据质量监控平台-需求梳理-14,review,urgent,7.84,3.69,2026-02-06,,2026-01-13 09:00:00
15,2,26,设备使用监控系统-模型评估-15,done,urgent,6.53,7.72,2025-12-09,2025-12-07,2025-11-15 09:00:00
16,8,55,任务协同分析平台-测试用例-16,todo,urgent,3.55,1.66,2026-05-29,,2026-05-02 09:00:00
17,4,35,项目进度管理平台-需求梳理-17,todo,low,4.64,3.59,2026-03-24,,2026-03-21 09:00:00
18,3,3,智能考勤分析系统-需求梳理-18,done,urgent,22.01,24.16,2026-01-09,2026-01-05,2026-01-01 09:00:00
19,11,46,用户行为分析系统-指标看板-19,todo,urgent,9.32,7.87,2026-05-07,,2026-04-12 09:00:00
20,3,38,智能考勤分析系统-权限控制-20,review,high,6.84,5.35,2025-12-10,,2025-11-27 09:00:00
21,2,46,设备使用监控系统-接口开发-21,blocked,medium,7.65,6.3,2025-12-17,,2025-12-08 09:00:00
22,12,39,数据查询 Agent 平台-模型评估-22,todo,high,12.17,0.11,2026-04-21,,2026-03-28 09:00:00
23,8,22,任务协同分析平台-需求梳理-23,done,low,8.43,10.05,2026-02-24,2026-02-20,2026-02-04 09:00:00
24,5,60,会议纪要结构化系统-权限控制-24,todo,medium,3.34,0.23,2026-02-11,,2026-02-01 09:00:00
25,10,45,实时消息推送平台-权限控制-25,blocked,urgent,6.66,6.64,2026-05-23,,2026-04-30 09:00:00
26,1,27,科研工效分析平台-权限控制-26,review,low,18.94,14.46,2025-12-16,,2025-11-20 09:00:00
27,7,28,实验室资源调度系统-数据同步-27,in_progress,urgent,11.9,5.92,2026-05-01,,2026-04-27 09:00:00
28,2,7,设备使用监控系统-接口开发-28,review,low,13.05,10.46,2026-01-07,,2025-12-25 09:00:00
29,9,10,知识库问答系统-日志分析-29,done,medium,27.05,32.82,2026-06-09,2026-06-06,2026-05-16 09:00:00
30,9,33,知识库问答系统-页面联调-30,blocked,high,30.02,16.08,2026-07-03,,2026-06-11 09:00:00
31,1,56,科研工效分析平台-部署配置-31,todo,urgent,23.77,6.07,2026-02-03,,2026-01-23 09:00:00
32,9,33,知识库问答系统-数据同步-32,todo,urgent,13.12,1.88,2026-03-17,,2026-03-11 09:00:00
33,4,35,项目进度管理平台-测试用例-33,review,urgent,4.01,2.34,2026-02-17,,2026-02-02 09:00:00
34,5,56,会议纪要结构化系统-页面联调-34,in_progress,high,15.53,0.23,2026-03-06,,2026-02-26 09:00:00
35,1,50,科研工效分析平台-接口开发-35,blocked,high,9.61,0.88,2025-12-02,,2025-11-28 09:00:00
36,7,26,实验室资源调度系统-页面联调-36,done,urgent,29.25,34.98,2026-03-11,2026-03-10,2026-02-22 09:00:00
37,6,59,数据质量监控平台-数据同步-37,in_progress,low,31.04,6.88,2026-03-26,,2026-03-21 09:00:00
38,12,33,数据查询 Agent 平台-模型评估-38,blocked,low,22.02,14.13,2026-03-30,,2026-03-17 09:00:00
39,3,3,智能考勤分析系统-指标看板-39,blocked,medium,13.48,0.27,2026-03-08,,2026-02-10 09:00:00
40,12,33,数据查询 Agent 平台-权限控制-40,todo,low,28.79,18.49,2026-07-19,,2026-07-15 09:00:00
41,1,54,科研工效分析平台-接口开发-41,in_progress,low,25.15,1.15,2026-03-09,,2026-02-24 09:00:00
42,7,29,实验室资源调度系统-模型评估-42,blocked,medium,12.11,7.35,2026-01-29,,2026-01-19 09:00:00
43,8,52,任务协同分析平台-数据同步-43,done,low,20.78,19.88,2026-04-01,2026-03-28,2026-03-28 09:00:00
44,3,38,智能考勤分析系统-模型评估-44,review,medium,17.34,12.65,2026-03-20,,2026-02-22 09:00:00
45,11,22,用户行为分析系统-数据同步-45,done,low,31.2,23.3,2026-07-25,2026-07-23,2026-06-28 09:00:00
46,3,51,智能考勤分析系统-权限控制-46,done,medium,16.6,17.16,2026-03-20,2026-03-17,2026-03-15 09:00:00
47,9,47,知识库问答系统-接口开发-47,review,high,2.4,0.56,2026-03-29,,2026-03-16 09:00:00
48,10,25,实时消息推送平台-模型评估-48,review,medium,14.16,13.17,2026-03-18,,2026-02-24 09:00:00
49,4,7,项目进度管理平台-测试用例-49,review,high,18.5,10.39,2026-01-16,,2026-01-04 09:00:00
50,4,58,项目进度管理平台-模型评估-50,in_progress,medium,29.31,8.37,2026-03-29,,2026-03-19 09:00:00
51,4,49,项目进度管理平台-日志分析-51,done,urgent,5.91,5.32,2026-04-04,2026-04-01,2026-03-15 09:00:00
52,11,24,用户行为分析系统-接口开发-52,review,low,18.81,13.79,2026-04-09,,2026-03-13 09:00:00
53,3,17,智能考勤分析系统-权限控制-53,done,urgent,2.59,2.89,2025-12-18,2025-12-15,2025-12-15 09:00:00
54,11,39,用户行为分析系统-接口开发-54,in_progress,high,20.75,4.76,2026-04-18,,2026-04-13 09:00:00
55,6,58,数据质量监控平台-指标看板-55,done,urgent,26.94,33.02,2026-02-22,2026-02-20,2026-02-01 09:00:00
56,6,59,数据质量监控平台-日志分析-56,blocked,urgent,31.6,27.56,2026-02-10,,2026-01-26 09:00:00
57,1,24,科研工效分析平台-测试用例-57,done,medium,28.45,42.55,2026-02-01,2026-02-01,2026-01-23 09:00:00
58,6,46,数据质量监控平台-权限控制-58,todo,high,17.56,2.76,2026-04-23,,2026-04-06 09:00:00
59,9,33,知识库问答系统-页面联调-59,in_progress,high,9.94,0.38,2026-05-01,,2026-04-20 09:00:00
60,12,48,数据查询 Agent 平台-页面联调-60,review,low,29.94,1.35,2026-07-26,,2026-07-05 09:00:00
61,9,44,知识库问答系统-需求梳理-61,review,high,19.67,5.72,2026-04-19,,2026-04-01 09:00:00
62,2,26,设备使用监控系统-数据同步-62,blocked,urgent,24,23.06,2025-12-07,,2025-11-24 09:00:00
63,6,46,数据质量监控平台-权限控制-63,todo,medium,31.49,30.81,2026-02-26,,2026-02-15 09:00:00
64,6,22,数据质量监控平台-指标看板-64,blocked,high,30.44,24.41,2026-02-08,,2026-02-02 09:00:00
65,7,50,实验室资源调度系统-指标看板-65,in_progress,urgent,13.45,3.77,2026-05-13,,2026-05-07 09:00:00
66,9,33,知识库问答系统-数据同步-66,blocked,low,10.57,1.69,2026-06-12,,2026-05-26 09:00:00
67,11,24,用户行为分析系统-页面联调-67,todo,medium,4.55,3.9,2026-07-22,,2026-06-30 09:00:00
68,9,33,知识库问答系统-页面联调-68,done,high,21.63,22.24,2026-03-02,2026-02-28,2026-02-06 09:00:00
69,6,56,数据质量监控平台-日志分析-69,review,high,6.8,6.5,2026-02-16,,2026-02-07 09:00:00
70,5,1,会议纪要结构化系统-日志分析-70,in_progress,high,25.84,23.95,2026-04-23,,2026-04-12 09:00:00
71,3,51,智能考勤分析系统-测试用例-71,todo,low,3.57,0.58,2026-03-08,,2026-02-12 09:00:00
72,9,7,知识库问答系统-模型评估-72,in_progress,high,5.46,0.39,2026-04-04,,2026-03-29 09:00:00
73,7,56,实验室资源调度系统-部署配置-73,done,low,18.09,17.25,2026-04-18,2026-04-18,2026-04-04 09:00:00
74,9,10,知识库问答系统-数据同步-74,review,urgent,8.03,7.19,2026-03-21,,2026-03-03 09:00:00
75,11,41,用户行为分析系统-接口开发-75,done,urgent,8.77,12.05,2026-07-29,2026-07-25,2026-07-06 09:00:00
76,7,28,实验室资源调度系统-部署配置-76,done,medium,20.63,21.69,2026-02-20,2026-02-20,2026-02-16 09:00:00
77,12,41,数据查询 Agent 平台-权限控制-77,blocked,high,2.64,1.46,2026-05-16,,2026-04-20 09:00:00
78,4,24,项目进度管理平台-页面联调-78,review,medium,17.16,14.08,2026-02-21,,2026-01-25 09:00:00
79,2,7,设备使用监控系统-权限控制-79,todo,medium,3.78,1.28,2026-01-27,,2026-01-14 09:00:00
80,1,39,科研工效分析平台-部署配置-80,done,low,21.25,19.05,2025-12-14,2025-12-12,2025-12-10 09:00:00
81,4,49,项目进度管理平台-需求梳理-81,blocked,low,31.87,29.67,2026-02-20,,2026-01-26 09:00:00
82,8,3,任务协同分析平台-需求梳理-82,in_progress,low,23.86,3.94,2026-06-15,,2026-05-23 09:00:00
83,5,9,会议纪要结构化系统-接口开发-83,review,low,14.1,6.67,2026-03-14,,2026-02-24 09:00:00
84,12,5,数据查询 Agent 平台-页面联调-84,todo,high,14.22,12.76,2026-07-12,,2026-07-06 09:00:00
85,3,22,智能考勤分析系统-权限控制-85,blocked,high,6.24,3.72,2026-03-02,,2026-02-10 09:00:00
86,6,46,数据质量监控平台-需求梳理-86,review,urgent,10.91,0.95,2026-02-11,,2026-01-23 09:00:00
87,9,33,知识库问答系统-测试用例-87,todo,medium,25.25,0.51,2026-04-04,,2026-03-29 09:00:00
88,5,13,会议纪要结构化系统-指标看板-88,todo,urgent,2.87,1.28,2026-03-17,,2026-02-25 09:00:00
89,2,49,设备使用监控系统-数据同步-89,in_progress,high,17.63,17.4,2025-12-10,,2025-11-24 09:00:00
90,11,1,用户行为分析系统-日志分析-90,todo,low,5.52,4.31,2026-04-01,,2026-03-07 09:00:00
91,5,33,会议纪要结构化系统-需求梳理-91,review,medium,8.5,4.84,2026-04-15,,2026-03-25 09:00:00
92,11,20,用户行为分析系统-数据同步-92,review,high,31.7,5.34,2026-07-09,,2026-07-04 09:00:00
93,12,33,数据查询 Agent 平台-日志分析-93,in_progress,high,4.92,2.99,2026-07-05,,2026-06-22 09:00:00
94,8,3,任务协同分析平台-数据同步-94,in_progress,low,10.57,8.56,2026-03-14,,2026-03-08 09:00:00
95,2,11,设备使用监控系统-权限控制-95,done,low,14.11,18.19,2025-12-01,2025-11-30,2025-11-17 09:00:00
96,8,31,任务协同分析平台-数据同步-96,done,high,27.88,29.44,2026-05-20,2026-05-17,2026-05-12 09:00:00
97,9,1,知识库问答系统-权限控制-97,done,high,25.52,34.09,2026-05-02,2026-04-30,2026-04-14 09:00:00
98,12,33,数据查询 Agent 平台-数据同步-98,in_progress,high,8.03,3.07,2026-04-04,,2026-03-28 09:00:00
99,2,31,设备使用监控系统-测试用例-99,review,urgent,21.2,14.69,2025-11-22,,2025-11-14 09:00:00
100,6,42,数据质量监控平台-数据同步-100,blocked,medium,13.58,11.84,2026-02-13,,2026-01-23 09:00:00
101,12,33,数据查询 Agent 平台-数据同步-101,in_progress,high,6.61,3.54,2026-05-07,,2026-04-18 09:00:00
102,3,38,智能考勤分析系统-接口开发-102,review,urgent,12.33,10.23,2026-02-07,,2026-01-27 09:00:00
103,1,50,科研工效分析平台-数据同步-103,done,high,3.47,3.6,2026-03-05,2026-03-01,2026-02-10 09:00:00
104,10,43,实时消息推送平台-数据同步-104,blocked,medium,11.9,2.83,2026-03-21,,2026-03-12 09:00:00
105,11,38,用户行为分析系统-日志分析-105,review,urgent,17.93,17.32,2026-05-27,,2026-05-23 09:00:00
106,10,12,实时消息推送平台-数据同步-106,review,low,10.12,5.4,2026-06-13,,2026-06-08 09:00:00
107,7,49,实验室资源调度系统-指标看板-107,todo,urgent,30.4,22.29,2026-03-13,,2026-02-26 09:00:00
108,6,37,数据质量监控平台-接口开发-108,blocked,high,23.06,18.09,2026-01-28,,2026-01-22 09:00:00
109,12,33,数据查询 Agent 平台-页面联调-109,blocked,urgent,3.98,2.77,2026-08-12,,2026-07-18 09:00:00
110,3,48,智能考勤分析系统-接口开发-110,done,urgent,31.88,34.91,2026-01-18,2026-01-18,2026-01-07 09:00:00
111,5,15,会议纪要结构化系统-页面联调-111,done,medium,11.14,8.64,2026-04-13,2026-04-12,2026-03-30 09:00:00
112,11,6,用户行为分析系统-需求梳理-112,blocked,urgent,27.11,22.58,2026-04-05,,2026-03-26 09:00:00
113,12,3,数据查询 Agent 平台-需求梳理-113,done,medium,28.52,33.49,2026-05-19,2026-05-18,2026-05-04 09:00:00
114,2,46,设备使用监控系统-日志分析-114,in_progress,urgent,7.27,2.51,2026-02-12,,2026-01-27 09:00:00
115,3,38,智能考勤分析系统-部署配置-115,blocked,low,29.18,22.49,2026-04-17,,2026-03-26 09:00:00
116,12,48,数据查询 Agent 平台-日志分析-116,review,medium,13.49,0.91,2026-04-30,,2026-04-05 09:00:00
117,3,9,智能考勤分析系统-数据同步-117,todo,medium,2.94,1.11,2026-03-13,,2026-02-20 09:00:00
118,9,7,知识库问答系统-模型评估-118,done,urgent,31.17,37.66,2026-06-12,2026-06-08,2026-06-01 09:00:00
119,7,28,实验室资源调度系统-部署配置-119,todo,medium,19.67,8.57,2026-03-20,,2026-03-09 09:00:00
120,1,40,科研工效分析平台-日志分析-120,done,urgent,5.19,5.38,2025-12-19,2025-12-16,2025-12-03 09:00:00
121,3,51,智能考勤分析系统-日志分析-121,in_progress,urgent,29.58,6.23,2026-01-16,,2026-01-01 09:00:00
122,2,31,设备使用监控系统-部署配置-122,done,urgent,2.14,2.97,2026-02-11,2026-02-08,2026-01-31 09:00:00
123,6,12,数据质量监控平台-接口开发-123,blocked,urgent,15.73,12.46,2026-05-05,,2026-04-25 09:00:00
124,12,8,数据查询 Agent 平台-需求梳理-124,in_progress,high,27.89,21.3,2026-04-03,,2026-03-19 09:00:00
125,8,52,任务协同分析平台-权限控制-125,review,low,6.92,2.42,2026-04-19,,2026-04-16 09:00:00
126,1,24,科研工效分析平台-需求梳理-126,in_progress,low,5.7,1.93,2026-02-21,,2026-01-30 09:00:00
127,7,22,实验室资源调度系统-测试用例-127,todo,urgent,2.02,0.22,2026-01-22,,2026-01-13 09:00:00
128,8,21,任务协同分析平台-权限控制-128,review,low,19.64,19.23,2026-04-12,,2026-04-09 09:00:00
129,8,23,任务协同分析平台-接口开发-129,blocked,medium,28.87,14.71,2026-05-07,,2026-04-19 09:00:00
130,7,26,实验室资源调度系统-测试用例-130,todo,high,16.53,6.84,2026-02-20,,2026-02-10 09:00:00
131,11,12,用户行为分析系统-页面联调-131,in_progress,high,17.37,1.82,2026-06-12,,2026-05-18 09:00:00
132,5,60,会议纪要结构化系统-测试用例-132,done,low,27.62,24.96,2026-05-05,2026-05-01,2026-04-16 09:00:00
133,9,44,知识库问答系统-指标看板-133,in_progress,medium,7.1,4.7,2026-04-09,,2026-03-21 09:00:00
134,2,26,设备使用监控系统-模型评估-134,todo,high,6.91,5.43,2026-01-30,,2026-01-03 09:00:00
135,3,9,智能考勤分析系统-数据同步-135,todo,urgent,23.1,8.27,2025-12-14,,2025-11-30 09:00:00
136,3,48,智能考勤分析系统-日志分析-136,blocked,urgent,7.48,5.13,2026-03-08,,2026-02-17 09:00:00
137,1,39,科研工效分析平台-数据同步-137,in_progress,low,23.16,14.64,2026-03-29,,2026-03-09 09:00:00
138,11,46,用户行为分析系统-数据同步-138,blocked,medium,19.06,1.46,2026-07-16,,2026-06-24 09:00:00
139,12,8,数据查询 Agent 平台-权限控制-139,review,high,16.86,9.71,2026-03-28,,2026-03-15 09:00:00
140,6,12,数据质量监控平台-需求梳理-140,review,medium,4.86,2.2,2026-04-24,,2026-03-31 09:00:00
141,6,56,数据质量监控平台-接口开发-141,review,medium,9.58,1.93,2026-05-08,,2026-04-30 09:00:00
142,7,28,实验室资源调度系统-部署配置-142,done,medium,23.38,32.6,2026-04-13,2026-04-10,2026-03-28 09:00:00
143,12,33,数据查询 Agent 平台-指标看板-143,blocked,urgent,27.66,20.66,2026-06-07,,2026-05-23 09:00:00
144,8,11,任务协同分析平台-需求梳理-144,review,urgent,13.22,2.69,2026-03-28,,2026-03-18 09:00:00
145,11,32,用户行为分析系统-接口开发-145,in_progress,medium,17.91,4.32,2026-04-27,,2026-04-01 09:00:00
146,9,38,知识库问答系统-页面联调-146,review,urgent,23.98,18.89,2026-03-28,,2026-03-03 09:00:00
147,10,12,实时消息推送平台-日志分析-147,todo,high,19.05,1.82,2026-05-01,,2026-04-28 09:00:00
148,10,38,实时消息推送平台-需求梳理-148,todo,low,17.82,11.7,2026-06-18,,2026-06-07 09:00:00
149,6,42,数据质量监控平台-测试用例-149,todo,medium,14.91,13.94,2026-03-27,,2026-03-18 09:00:00
150,2,11,设备使用监控系统-模型评估-150,review,urgent,2.48,0.38,2026-01-17,,2025-12-31 09:00:00
151,10,48,实时消息推送平台-需求梳理-151,review,low,14.3,9.03,2026-04-16,,2026-04-07 09:00:00
152,6,59,数据质量监控平台-模型评估-152,todo,high,18.23,11.75,2026-03-10,,2026-02-26 09:00:00
153,2,53,设备使用监控系统-权限控制-153,in_progress,medium,25.48,1.5,2026-01-23,,2026-01-04 09:00:00
154,1,24,科研工效分析平台-需求梳理-154,blocked,medium,30.83,23.56,2026-03-10,,2026-02-16 09:00:00
155,11,1,用户行为分析系统-指标看板-155,done,low,22.57,22.75,2026-03-29,2026-03-28,2026-03-05 09:00:00
156,12,5,数据查询 Agent 平台-指标看板-156,todo,urgent,14.22,0.08,2026-04-24,,2026-04-09 09:00:00
157,1,50,科研工效分析平台-页面联调-157,in_progress,urgent,15.05,8.49,2026-01-31,,2026-01-23 09:00:00
158,10,30,实时消息推送平台-接口开发-158,blocked,high,14.68,12.77,2026-04-03,,2026-03-17 09:00:00
159,9,44,知识库问答系统-日志分析-159,done,medium,11.91,12.23,2026-03-05,2026-03-04,2026-02-25 09:00:00
160,4,3,项目进度管理平台-部署配置-160,done,medium,8.51,11.26,2026-04-05,2026-04-05,2026-04-01 09:00:00
161,2,11,设备使用监控系统-数据同步-161,blocked,high,8.61,5.31,2026-03-13,,2026-02-25 09:00:00
162,8,31,任务协同分析平台-指标看板-162,review,low,9.48,1.43,2026-05-27,,2026-05-03 09:00:00
163,11,20,用户行为分析系统-模型评估-163,todo,low,15,5.84,2026-07-06,,2026-07-01 09:00:00
164,5,35,会议纪要结构化系统-指标看板-164,blocked,high,26.87,15.93,2026-01-30,,2026-01-07 09:00:00
165,8,42,任务协同分析平台-接口开发-165,blocked,high,23.9,16.63,2026-04-24,,2026-04-07 09:00:00
166,6,42,数据质量监控平台-页面联调-166,blocked,medium,19.09,4.91,2026-05-13,,2026-05-04 09:00:00
167,1,56,科研工效分析平台-数据同步-167,todo,low,8.01,1.05,2026-02-06,,2026-01-12 09:00:00
168,9,42,知识库问答系统-模型评估-168,review,medium,27.3,5.57,2026-05-06,,2026-04-26 09:00:00
169,12,37,数据查询 Agent 平台-权限控制-169,in_progress,medium,23.85,17.28,2026-05-09,,2026-04-12 09:00:00
170,2,50,设备使用监控系统-权限控制-170,in_progress,urgent,7.66,6.28,2026-03-17,,2026-03-03 09:00:00
171,5,18,会议纪要结构化系统-指标看板-171,todo,urgent,9.24,8.65,2026-04-08,,2026-03-27 09:00:00
172,2,31,设备使用监控系统-测试用例-172,review,medium,11.58,1.2,2026-01-02,,2025-12-11 09:00:00
173,11,2,用户行为分析系统-权限控制-173,blocked,low,22.38,2.78,2026-07-11,,2026-07-07 09:00:00
174,12,37,数据查询 Agent 平台-需求梳理-174,done,urgent,20.79,18.75,2026-06-15,2026-06-13,2026-05-27 09:00:00
175,10,32,实时消息推送平台-指标看板-175,todo,urgent,5.35,2.95,2026-06-28,,2026-06-20 09:00:00
176,2,11,设备使用监控系统-测试用例-176,todo,medium,10.37,3.04,2026-02-28,,2026-02-22 09:00:00
177,10,35,实时消息推送平台-部署配置-177,done,high,21.3,15.25,2026-06-07,2026-06-04,2026-05-31 09:00:00
178,5,15,会议纪要结构化系统-测试用例-178,done,low,5.76,6.04,2026-01-16,2026-01-15,2026-01-04 09:00:00
179,8,52,任务协同分析平台-指标看板-179,todo,high,3.15,1.49,2026-03-15,,2026-02-22 09:00:00
180,3,3,智能考勤分析系统-权限控制-180,in_progress,urgent,20.43,0.18,2026-04-03,,2026-03-23 09:00:00
181,8,55,任务协同分析平台-模型评估-181,blocked,urgent,27.58,13.38,2026-05-30,,2026-05-13 09:00:00
182,11,46,用户行为分析系统-页面联调-182,blocked,high,21.28,5.03,2026-05-31,,2026-05-17 09:00:00
183,11,6,用户行为分析系统-部署配置-183,review,high,24.51,23.6,2026-04-27,,2026-04-17 09:00:00
184,6,37,数据质量监控平台-部署配置-184,done,urgent,6.01,6.99,2026-03-27,2026-03-24,2026-02-28 09:00:00
185,6,58,数据质量监控平台-数据同步-185,blocked,medium,13.22,1.42,2026-03-10,,2026-02-24 09:00:00
186,7,26,实验室资源调度系统-页面联调-186,in_progress,high,21.09,9.19,2026-03-07,,2026-02-26 09:00:00
187,6,42,数据质量监控平台-部署配置-187,done,urgent,20.98,18.83,2026-03-16,2026-03-12,2026-02-22 09:00:00
188,2,50,设备使用监控系统-模型评估-188,in_progress,high,26.73,14,2026-01-19,,2025-12-28 09:00:00
189,2,46,设备使用监控系统-页面联调-189,todo,high,15.33,2.62,2025-12-10,,2025-11-26 09:00:00
190,6,8,数据质量监控平台-日志分析-190,todo,medium,7.78,5.09,2026-03-13,,2026-03-06 09:00:00
191,2,49,设备使用监控系统-模型评估-191,review,low,26.88,22.55,2026-02-27,,2026-02-07 09:00:00
192,3,3,智能考勤分析系统-指标看板-192,blocked,urgent,23.55,0.31,2025-12-15,,2025-12-03 09:00:00
193,10,39,实时消息推送平台-模型评估-193,blocked,low,8.7,6.4,2026-06-10,,2026-06-01 09:00:00
194,4,3,项目进度管理平台-部署配置-194,blocked,high,4.3,4.21,2026-01-30,,2026-01-22 09:00:00
195,12,37,数据查询 Agent 平台-日志分析-195,blocked,low,9.67,3.05,2026-07-08,,2026-06-21 09:00:00
196,6,37,数据质量监控平台-指标看板-196,in_progress,low,26.02,6.71,2026-02-18,,2026-01-26 09:00:00
197,8,31,任务协同分析平台-数据同步-197,todo,urgent,24.66,13.87,2026-03-27,,2026-03-15 09:00:00
198,11,1,用户行为分析系统-指标看板-198,review,low,24.95,17.17,2026-05-31,,2026-05-10 09:00:00
199,10,30,实时消息推送平台-页面联调-199,in_progress,low,11.78,9.78,2026-04-16,,2026-04-04 09:00:00
200,3,3,智能考勤分析系统-接口开发-200,review,high,11.62,10.34,2026-04-04,,2026-03-14 09:00:00
201,11,6,用户行为分析系统-指标看板-201,todo,medium,31.19,12.73,2026-06-16,,2026-06-12 09:00:00
202,7,30,实验室资源调度系统-接口开发-202,todo,low,24.7,9.81,2026-05-28,,2026-05-19 09:00:00
203,2,26,设备使用监控系统-数据同步-203,done,medium,17.93,25.04,2026-03-10,2026-03-06,2026-02-15 09:00:00
204,9,38,知识库问答系统-日志分析-204,review,low,6.22,4,2026-05-13,,2026-04-17 09:00:00
205,6,59,数据质量监控平台-部署配置-205,blocked,medium,24.13,17.79,2026-02-25,,2026-02-14 09:00:00
206,11,25,用户行为分析系统-页面联调-206,todo,medium,9.05,2.9,2026-05-03,,2026-04-12 09:00:00
207,6,59,数据质量监控平台-模型评估-207,review,medium,13.63,13.33,2026-04-03,,2026-03-16 09:00:00
208,2,14,设备使用监控系统-数据同步-208,blocked,high,8.09,2.75,2025-12-05,,2025-12-02 09:00:00
209,10,48,实时消息推送平台-模型评估-209,in_progress,high,18.44,11.61,2026-03-30,,2026-03-19 09:00:00
210,7,49,实验室资源调度系统-测试用例-210,blocked,low,30.03,20.58,2026-04-16,,2026-03-29 09:00:00
211,6,37,数据质量监控平台-页面联调-211,review,medium,20.23,1.82,2026-02-21,,2026-02-07 09:00:00
212,3,4,智能考勤分析系统-权限控制-212,blocked,high,3.99,2.13,2026-03-30,,2026-03-09 09:00:00
213,11,2,用户行为分析系统-部署配置-213,done,low,17.98,15.06,2026-07-03,2026-07-03,2026-06-14 09:00:00
214,7,28,实验室资源调度系统-指标看板-214,blocked,high,19.05,1.45,2026-05-09,,2026-05-05 09:00:00
215,8,3,任务协同分析平台-需求梳理-215,blocked,medium,3.78,3.15,2026-05-11,,2026-05-06 09:00:00
216,3,43,智能考勤分析系统-权限控制-216,in_progress,urgent,5.5,0.63,2026-04-02,,2026-03-21 09:00:00
217,1,10,科研工效分析平台-日志分析-217,blocked,medium,29.51,25.72,2026-02-27,,2026-02-01 09:00:00
218,5,35,会议纪要结构化系统-需求梳理-218,in_progress,high,10.68,6.91,2026-04-11,,2026-03-28 09:00:00
219,5,33,会议纪要结构化系统-日志分析-219,in_progress,high,20.96,10.67,2026-04-09,,2026-03-28 09:00:00
220,10,38,实时消息推送平台-数据同步-220,in_progress,high,2.59,2.27,2026-06-30,,2026-06-26 09:00:00
221,11,38,用户行为分析系统-接口开发-221,blocked,high,28.51,14.36,2026-04-08,,2026-03-12 09:00:00
222,5,15,会议纪要结构化系统-接口开发-222,in_progress,high,28.65,8.28,2026-04-15,,2026-03-21 09:00:00
223,11,12,用户行为分析系统-页面联调-223,todo,medium,27.35,12.46,2026-06-02,,2026-05-14 09:00:00
224,1,39,科研工效分析平台-模型评估-224,in_progress,low,24.76,1.14,2026-01-27,,2026-01-16 09:00:00
225,10,43,实时消息推送平台-数据同步-225,todo,high,5.71,2.15,2026-05-08,,2026-04-17 09:00:00
226,7,29,实验室资源调度系统-页面联调-226,todo,high,8.39,1.75,2026-04-22,,2026-04-08 09:00:00
227,3,3,智能考勤分析系统-模型评估-227,review,urgent,12.57,6.14,2026-02-04,,2026-02-01 09:00:00
228,11,20,用户行为分析系统-接口开发-228,in_progress,urgent,19.27,0.58,2026-03-23,,2026-03-04 09:00:00
229,11,46,用户行为分析系统-权限控制-229,blocked,high,31.44,16.69,2026-05-03,,2026-04-12 09:00:00
230,6,22,数据质量监控平台-权限控制-230,review,high,18.17,16.37,2026-01-25,,2026-01-10 09:00:00
231,2,48,设备使用监控系统-数据同步-231,blocked,low,19.22,4.77,2025-12-30,,2025-12-17 09:00:00
232,12,33,数据查询 Agent 平台-接口开发-232,blocked,low,4.96,0.42,2026-06-05,,2026-05-30 09:00:00
233,4,24,项目进度管理平台-指标看板-233,review,high,5.71,5.56,2026-02-12,,2026-01-19 09:00:00
234,4,58,项目进度管理平台-接口开发-234,todo,urgent,9.15,3.92,2026-04-13,,2026-04-03 09:00:00
235,1,39,科研工效分析平台-页面联调-235,in_progress,medium,28.26,6.66,2025-11-29,,2025-11-25 09:00:00
236,2,53,设备使用监控系统-数据同步-236,done,low,21.48,26.25,2026-01-19,2026-01-17,2025-12-25 09:00:00
237,6,59,数据质量监控平台-需求梳理-237,done,low,26.43,30.84,2026-03-13,2026-03-10,2026-03-01 09:00:00
238,5,1,会议纪要结构化系统-接口开发-238,done,urgent,23.44,21.35,2026-04-20,2026-04-17,2026-04-11 09:00:00
239,10,48,实时消息推送平台-页面联调-239,in_progress,medium,21.37,3.33,2026-04-05,,2026-03-18 09:00:00
240,6,8,数据质量监控平台-指标看板-240,blocked,urgent,15.35,11.84,2026-04-07,,2026-03-17 09:00:00
241,6,37,数据质量监控平台-模型评估-241,todo,medium,6.74,4.96,2026-05-27,,2026-05-07 09:00:00
242,4,24,项目进度管理平台-日志分析-242,done,urgent,26.27,18.53,2026-02-16,2026-02-16,2026-02-02 09:00:00
243,3,51,智能考勤分析系统-权限控制-243,review,low,15.16,6.14,2026-03-28,,2026-03-22 09:00:00
244,11,38,用户行为分析系统-需求梳理-244,in_progress,urgent,25.34,13.95,2026-05-23,,2026-05-10 09:00:00
245,11,2,用户行为分析系统-接口开发-245,done,low,24.11,28.39,2026-04-15,2026-04-11,2026-04-07 09:00:00
246,11,1,用户行为分析系统-指标看板-246,blocked,medium,19.52,10.91,2026-07-09,,2026-06-28 09:00:00
247,3,4,智能考勤分析系统-日志分析-247,done,low,31.41,26.62,2026-03-05,2026-03-01,2026-02-07 09:00:00
248,3,43,智能考勤分析系统-测试用例-248,blocked,low,28.29,2.22,2025-12-26,,2025-12-14 09:00:00
249,11,25,用户行为分析系统-接口开发-249,in_progress,low,29.58,15.09,2026-06-24,,2026-05-28 09:00:00
250,5,15,会议纪要结构化系统-页面联调-250,done,urgent,28.5,35.08,2026-03-15,2026-03-15,2026-02-16 09:00:00
251,11,2,用户行为分析系统-部署配置-251,review,low,18.64,5.31,2026-06-05,,2026-05-30 09:00:00
252,4,49,项目进度管理平台-页面联调-252,done,high,19.43,15.69,2026-04-12,2026-04-12,2026-04-06 09:00:00
253,7,60,实验室资源调度系统-日志分析-253,done,high,3.4,2.91,2026-04-26,2026-04-22,2026-04-09 09:00:00
254,10,12,实时消息推送平台-日志分析-254,in_progress,urgent,24.24,23.01,2026-07-06,,2026-06-11 09:00:00
255,10,39,实时消息推送平台-测试用例-255,review,low,26.59,9.03,2026-03-30,,2026-03-25 09:00:00
256,7,56,实验室资源调度系统-部署配置-256,review,low,28.88,16.9,2026-03-28,,2026-03-13 09:00:00
257,12,41,数据查询 Agent 平台-权限控制-257,review,high,24.95,1.72,2026-07-06,,2026-06-10 09:00:00
258,8,35,任务协同分析平台-部署配置-258,done,medium,19.72,27.13,2026-06-23,2026-06-23,2026-05-30 09:00:00
259,6,59,数据质量监控平台-部署配置-259,review,medium,14.38,12.5,2026-02-15,,2026-02-12 09:00:00
260,10,45,实时消息推送平台-接口开发-260,todo,urgent,22.05,13.41,2026-06-16,,2026-05-21 09:00:00
261,9,10,知识库问答系统-需求梳理-261,in_progress,urgent,9.43,3.07,2026-04-01,,2026-03-18 09:00:00
262,4,11,项目进度管理平台-权限控制-262,in_progress,high,8.74,1.32,2026-01-07,,2025-12-21 09:00:00
263,8,33,任务协同分析平台-数据同步-263,blocked,medium,7.76,7.1,2026-03-25,,2026-03-17 09:00:00
264,2,7,设备使用监控系统-接口开发-264,in_progress,urgent,5.62,4.67,2026-03-12,,2026-03-02 09:00:00
265,5,13,会议纪要结构化系统-需求梳理-265,todo,low,22.51,12.6,2026-04-18,,2026-03-31 09:00:00
266,11,32,用户行为分析系统-模型评估-266,done,medium,16.93,24.12,2026-04-11,2026-04-07,2026-03-23 09:00:00
267,5,9,会议纪要结构化系统-数据同步-267,todo,high,17.78,5.38,2026-04-08,,2026-03-27 09:00:00
268,2,50,设备使用监控系统-页面联调-268,in_progress,low,10.68,8.26,2026-01-24,,2026-01-04 09:00:00
269,4,11,项目进度管理平台-数据同步-269,blocked,urgent,7.56,2.01,2026-04-08,,2026-04-01 09:00:00
270,8,33,任务协同分析平台-接口开发-270,blocked,medium,24.4,15.67,2026-04-29,,2026-04-10 09:00:00
271,11,28,用户行为分析系统-模型评估-271,done,urgent,26.01,25.98,2026-06-12,2026-06-08,2026-05-18 09:00:00
272,4,2,项目进度管理平台-需求梳理-272,done,urgent,12.35,14.21,2026-04-21,2026-04-17,2026-04-05 09:00:00
273,3,9,智能考勤分析系统-权限控制-273,in_progress,low,6.53,5.33,2026-01-07,,2026-01-01 09:00:00
274,1,54,科研工效分析平台-权限控制-274,blocked,urgent,4.01,1.18,2025-11-18,,2025-11-02 09:00:00
275,11,20,用户行为分析系统-日志分析-275,blocked,high,6.73,1.31,2026-06-21,,2026-06-03 09:00:00
276,1,59,科研工效分析平台-指标看板-276,in_progress,medium,20.8,3.84,2025-11-20,,2025-11-05 09:00:00
277,11,39,用户行为分析系统-接口开发-277,done,high,18.43,15.59,2026-06-23,2026-06-22,2026-06-01 09:00:00
278,9,35,知识库问答系统-日志分析-278,done,high,21.87,25.44,2026-03-25,2026-03-23,2026-03-07 09:00:00
279,3,22,智能考勤分析系统-日志分析-279,done,medium,30.65,33.01,2026-02-12,2026-02-08,2026-01-17 09:00:00
280,8,3,任务协同分析平台-接口开发-280,review,low,15.05,11.71,2026-04-12,,2026-04-07 09:00:00
281,2,49,设备使用监控系统-指标看板-281,blocked,low,4.94,2.75,2026-03-09,,2026-02-28 09:00:00
282,11,27,用户行为分析系统-数据同步-282,in_progress,medium,22.39,9.17,2026-05-01,,2026-04-14 09:00:00
283,6,22,数据质量监控平台-接口开发-283,todo,high,7.54,1.78,2026-04-03,,2026-03-21 09:00:00
284,6,42,数据质量监控平台-接口开发-284,review,low,29.55,6.63,2026-02-24,,2026-02-05 09:00:00
285,1,59,科研工效分析平台-页面联调-285,in_progress,urgent,17.62,9.51,2026-02-02,,2026-01-22 09:00:00
286,1,50,科研工效分析平台-权限控制-286,in_progress,low,28.83,25.85,2025-12-16,,2025-12-03 09:00:00
287,8,42,任务协同分析平台-页面联调-287,blocked,urgent,4.04,3.56,2026-04-10,,2026-04-07 09:00:00
288,1,39,科研工效分析平台-部署配置-288,review,low,16.92,11.27,2025-12-31,,2025-12-25 09:00:00
289,4,7,项目进度管理平台-接口开发-289,review,medium,21.94,9.6,2026-01-11,,2026-01-04 09:00:00
290,7,50,实验室资源调度系统-需求梳理-290,todo,medium,29.94,23.58,2026-02-04,,2026-01-29 09:00:00
291,4,35,项目进度管理平台-指标看板-291,in_progress,medium,31.62,21.22,2026-03-12,,2026-03-04 09:00:00
292,3,17,智能考勤分析系统-测试用例-292,done,medium,15.82,16.25,2026-03-05,2026-03-05,2026-02-26 09:00:00
293,6,37,数据质量监控平台-接口开发-293,review,urgent,15.05,11.06,2026-03-08,,2026-02-09 09:00:00
294,9,10,知识库问答系统-权限控制-294,done,high,18.8,16.96,2026-03-06,2026-03-02,2026-02-27 09:00:00
295,5,52,会议纪要结构化系统-模型评估-295,blocked,low,28.74,14.74,2026-03-13,,2026-02-20 09:00:00
296,12,8,数据查询 Agent 平台-模型评估-296,todo,urgent,22.67,1.85,2026-04-10,,2026-03-29 09:00:00
297,10,12,实时消息推送平台-页面联调-297,in_progress,medium,19.59,12.72,2026-04-10,,2026-03-30 09:00:00
298,6,56,数据质量监控平台-接口开发-298,in_progress,medium,18.98,9.97,2026-03-02,,2026-02-05 09:00:00
299,12,39,数据查询 Agent 平台-模型评估-299,done,high,23.08,26.08,2026-07-10,2026-07-06,2026-06-22 09:00:00
300,3,22,智能考勤分析系统-部署配置-300,review,low,10.91,9.73,2025-12-23,,2025-12-10 09:00:00
301,9,1,知识库问答系统-权限控制-301,todo,urgent,27.73,26.35,2026-05-25,,2026-05-17 09:00:00
302,5,56,会议纪要结构化系统-指标看板-302,in_progress,high,14.13,11.68,2026-04-28,,2026-04-25 09:00:00
303,12,33,数据查询 Agent 平台-需求梳理-303,todo,high,6.61,2.7,2026-04-24,,2026-04-17 09:00:00
304,8,35,任务协同分析平台-日志分析-304,todo,medium,27.3,23.39,2026-05-13,,2026-05-07 09:00:00
305,3,51,智能考勤分析系统-部署配置-305,blocked,medium,26,14.38,2026-02-22,,2026-02-11 09:00:00
306,12,37,数据查询 Agent 平台-模型评估-306,in_progress,medium,5.27,3.5,2026-04-25,,2026-04-18 09:00:00
307,9,1,知识库问答系统-页面联调-307,in_progress,urgent,17.33,2.45,2026-03-25,,2026-03-07 09:00:00
308,11,1,用户行为分析系统-模型评估-308,todo,high,12.67,3.18,2026-04-11,,2026-03-18 09:00:00
309,3,17,智能考勤分析系统-接口开发-309,done,high,30.79,23.64,2026-03-14,2026-03-12,2026-02-17 09:00:00
310,10,32,实时消息推送平台-部署配置-310,todo,low,26.04,3.11,2026-06-13,,2026-06-10 09:00:00
311,1,39,科研工效分析平台-接口开发-311,todo,medium,4.15,0.84,2026-01-19,,2026-01-02 09:00:00
312,7,26,实验室资源调度系统-数据同步-312,done,medium,26.56,21.8,2026-04-09,2026-04-08,2026-03-22 09:00:00
313,1,54,科研工效分析平台-权限控制-313,review,high,14,7.98,2026-02-09,,2026-02-04 09:00:00
314,8,55,任务协同分析平台-日志分析-314,done,low,4.35,3.19,2026-04-21,2026-04-20,2026-04-02 09:00:00
315,10,48,实时消息推送平台-权限控制-315,in_progress,urgent,30.8,5.92,2026-04-18,,2026-03-25 09:00:00
316,4,3,项目进度管理平台-数据同步-316,todo,low,26.57,7.47,2026-02-19,,2026-02-05 09:00:00
317,2,31,设备使用监控系统-页面联调-317,blocked,high,19.2,1.44,2025-12-22,,2025-12-19 09:00:00
318,7,56,实验室资源调度系统-数据同步-318,todo,high,4.96,2.43,2026-03-01,,2026-02-10 09:00:00
319,4,7,项目进度管理平台-接口开发-319,in_progress,high,28.13,22.51,2025-12-17,,2025-12-10 09:00:00
320,4,49,项目进度管理平台-页面联调-320,in_progress,low,30.41,22.33,2026-03-30,,2026-03-27 09:00:00
321,4,24,项目进度管理平台-日志分析-321,todo,urgent,7.02,4.43,2025-12-28,,2025-12-13 09:00:00
322,8,11,任务协同分析平台-页面联调-322,review,urgent,28.28,1.53,2026-05-21,,2026-05-15 09:00:00
323,9,10,知识库问答系统-数据同步-323,done,urgent,23.49,18.78,2026-04-04,2026-04-02,2026-03-29 09:00:00
324,11,12,用户行为分析系统-数据同步-324,done,low,13.26,10.24,2026-05-27,2026-05-26,2026-05-10 09:00:00
325,4,7,项目进度管理平台-模型评估-325,in_progress,medium,16.09,6.88,2026-01-28,,2026-01-07 09:00:00
326,11,46,用户行为分析系统-日志分析-326,review,medium,4.29,2.32,2026-05-08,,2026-04-29 09:00:00
327,1,59,科研工效分析平台-部署配置-327,done,high,10.07,9.94,2026-01-04,2026-01-01,2025-12-12 09:00:00
328,9,35,知识库问答系统-数据同步-328,review,medium,13.75,1.7,2026-04-16,,2026-03-27 09:00:00
329,1,40,科研工效分析平台-页面联调-329,todo,low,9.52,0.92,2026-03-01,,2026-02-15 09:00:00
330,11,12,用户行为分析系统-接口开发-330,todo,high,10.79,9.44,2026-06-05,,2026-05-17 09:00:00
331,12,37,数据查询 Agent 平台-权限控制-331,in_progress,medium,12.33,9.13,2026-05-28,,2026-05-18 09:00:00
332,6,8,数据质量监控平台-页面联调-332,review,urgent,12.48,8.75,2026-04-05,,2026-03-22 09:00:00
333,3,43,智能考勤分析系统-需求梳理-333,todo,medium,10.49,3.64,2026-01-22,,2025-12-31 09:00:00
334,3,9,智能考勤分析系统-模型评估-334,review,high,26.8,2.63,2026-02-12,,2026-01-21 09:00:00
335,8,21,任务协同分析平台-部署配置-335,in_progress,medium,16.11,0.48,2026-03-30,,2026-03-03 09:00:00
336,11,41,用户行为分析系统-日志分析-336,review,urgent,25.69,5.34,2026-04-19,,2026-03-23 09:00:00
337,5,35,会议纪要结构化系统-接口开发-337,blocked,low,25.85,6.97,2026-05-16,,2026-04-27 09:00:00
338,5,18,会议纪要结构化系统-权限控制-338,in_progress,urgent,23.01,16.59,2026-04-29,,2026-04-05 09:00:00
339,11,1,用户行为分析系统-测试用例-339,done,medium,2.16,2.85,2026-04-15,2026-04-11,2026-03-23 09:00:00
340,12,5,数据查询 Agent 平台-测试用例-340,todo,low,27.3,12.97,2026-06-08,,2026-05-26 09:00:00
341,2,14,设备使用监控系统-日志分析-341,in_progress,low,11.34,8.4,2025-12-04,,2025-11-29 09:00:00
342,8,22,任务协同分析平台-指标看板-342,done,high,17.52,22.22,2026-03-01,2026-02-27,2026-02-19 09:00:00
343,11,46,用户行为分析系统-数据同步-343,todo,low,9.3,9.08,2026-07-12,,2026-06-15 09:00:00
344,8,31,任务协同分析平台-模型评估-344,in_progress,low,14.32,7.15,2026-04-02,,2026-03-23 09:00:00
345,12,48,数据查询 Agent 平台-模型评估-345,done,urgent,12.63,16.68,2026-07-16,2026-07-16,2026-07-08 09:00:00
346,10,30,实时消息推送平台-日志分析-346,done,medium,5.79,7.11,2026-03-26,2026-03-26,2026-03-17 09:00:00
347,7,60,实验室资源调度系统-接口开发-347,todo,low,30.78,5.57,2026-05-03,,2026-04-20 09:00:00
348,5,52,会议纪要结构化系统-模型评估-348,done,high,12.19,14.56,2026-01-23,2026-01-20,2025-12-30 09:00:00
349,2,49,设备使用监控系统-模型评估-349,in_progress,medium,16.98,5.26,2026-03-29,,2026-03-14 09:00:00
350,4,3,项目进度管理平台-模型评估-350,blocked,medium,29.11,7.49,2026-02-09,,2026-01-18 09:00:00
351,10,25,实时消息推送平台-数据同步-351,in_progress,urgent,26.12,4.82,2026-03-20,,2026-02-23 09:00:00
352,3,9,智能考勤分析系统-部署配置-352,todo,high,12.33,6.1,2026-04-15,,2026-03-28 09:00:00
353,10,30,实时消息推送平台-指标看板-353,blocked,low,3.75,0.53,2026-06-18,,2026-06-13 09:00:00
354,6,8,数据质量监控平台-测试用例-354,blocked,medium,22.48,13.47,2026-02-10,,2026-01-14 09:00:00
355,5,18,会议纪要结构化系统-数据同步-355,blocked,high,23.31,17.09,2026-03-20,,2026-02-22 09:00:00
356,5,35,会议纪要结构化系统-模型评估-356,done,low,10.73,9.56,2026-02-26,2026-02-24,2026-02-18 09:00:00
357,7,28,实验室资源调度系统-测试用例-357,blocked,medium,7.06,3.5,2026-05-17,,2026-05-04 09:00:00
358,9,35,知识库问答系统-指标看板-358,blocked,low,18.4,2.62,2026-05-25,,2026-05-17 09:00:00
359,6,42,数据质量监控平台-日志分析-359,in_progress,medium,19.03,4.16,2026-02-19,,2026-02-12 09:00:00
360,11,25,用户行为分析系统-部署配置-360,review,medium,20.78,15.96,2026-07-02,,2026-06-16 09:00:00
361,3,4,智能考勤分析系统-测试用例-361,review,urgent,29.53,18.52,2026-01-01,,2025-12-14 09:00:00
362,8,36,任务协同分析平台-页面联调-362,in_progress,medium,16.02,4.37,2026-02-25,,2026-02-20 09:00:00
363,2,31,设备使用监控系统-页面联调-363,blocked,low,20.66,18.38,2026-02-23,,2026-02-15 09:00:00
364,7,26,实验室资源调度系统-需求梳理-364,todo,medium,5.03,1.43,2026-05-30,,2026-05-16 09:00:00
365,12,5,数据查询 Agent 平台-权限控制-365,todo,urgent,24.73,22,2026-06-16,,2026-06-03 09:00:00
366,7,60,实验室资源调度系统-部署配置-366,blocked,high,21.55,4.46,2026-04-06,,2026-03-10 09:00:00
367,6,59,数据质量监控平台-日志分析-367,done,medium,12.02,12.77,2026-05-02,2026-04-29,2026-04-24 09:00:00
368,7,28,实验室资源调度系统-权限控制-368,blocked,low,5.78,4.45,2026-02-26,,2026-02-03 09:00:00
369,11,25,用户行为分析系统-日志分析-369,blocked,high,10.15,3.37,2026-04-01,,2026-03-21 09:00:00
370,5,47,会议纪要结构化系统-权限控制-370,blocked,high,12.37,7.27,2026-03-24,,2026-02-28 09:00:00
371,6,58,数据质量监控平台-日志分析-371,todo,urgent,6.51,5.36,2026-04-06,,2026-04-01 09:00:00
372,6,22,数据质量监控平台-模型评估-372,in_progress,medium,26.7,11.08,2026-04-02,,2026-03-27 09:00:00
373,3,43,智能考勤分析系统-模型评估-373,blocked,urgent,10.1,8.82,2026-02-21,,2026-02-14 09:00:00
374,3,45,智能考勤分析系统-接口开发-374,todo,low,8.15,7.18,2025-12-30,,2025-12-16 09:00:00
375,12,33,数据查询 Agent 平台-指标看板-375,in_progress,low,12.99,0.26,2026-07-03,,2026-06-12 09:00:00
376,5,52,会议纪要结构化系统-数据同步-376,done,high,17.86,12.99,2026-04-30,2026-04-29,2026-04-14 09:00:00
377,12,37,数据查询 Agent 平台-权限控制-377,blocked,urgent,27.14,19.56,2026-08-04,,2026-07-20 09:00:00
378,2,31,设备使用监控系统-页面联调-378,review,medium,26.54,16.07,2026-02-18,,2026-01-22 09:00:00
379,12,33,数据查询 Agent 平台-日志分析-379,in_progress,urgent,7.24,6.92,2026-05-17,,2026-05-05 09:00:00
380,11,22,用户行为分析系统-日志分析-380,review,low,21.76,9.26,2026-05-14,,2026-04-26 09:00:00
381,5,18,会议纪要结构化系统-指标看板-381,review,medium,19.64,9.8,2026-02-05,,2026-01-27 09:00:00
382,6,37,数据质量监控平台-部署配置-382,blocked,high,13.22,7.42,2026-02-02,,2026-01-15 09:00:00
383,8,3,任务协同分析平台-接口开发-383,done,high,23.11,33.12,2026-05-27,2026-05-24,2026-05-04 09:00:00
384,1,54,科研工效分析平台-数据同步-384,blocked,low,23.74,22.01,2026-01-07,,2025-12-20 09:00:00
385,2,53,设备使用监控系统-指标看板-385,review,low,6.45,4.53,2026-03-11,,2026-02-22 09:00:00
386,6,37,数据质量监控平台-模型评估-386,review,medium,6.93,4.13,2026-03-29,,2026-03-06 09:00:00
387,4,49,项目进度管理平台-页面联调-387,review,urgent,18.71,18.24,2026-02-28,,2026-02-23 09:00:00
388,10,43,实时消息推送平台-模型评估-388,done,high,5.72,4.69,2026-05-14,2026-05-13,2026-04-29 09:00:00
389,6,56,数据质量监控平台-日志分析-389,done,medium,30.85,38.62,2026-05-19,2026-05-19,2026-04-29 09:00:00
390,10,48,实时消息推送平台-指标看板-390,in_progress,low,11.75,1.11,2026-03-07,,2026-02-20 09:00:00
391,11,27,用户行为分析系统-部署配置-391,blocked,low,4.83,3.28,2026-07-31,,2026-07-08 09:00:00
392,10,43,实时消息推送平台-数据同步-392,review,medium,15.05,2,2026-05-25,,2026-05-13 09:00:00
393,4,3,项目进度管理平台-数据同步-393,in_progress,high,22.04,5.46,2026-02-10,,2026-01-31 09:00:00
394,6,22,数据质量监控平台-接口开发-394,blocked,urgent,28.46,18.37,2026-04-24,,2026-04-04 09:00:00
395,6,42,数据质量监控平台-需求梳理-395,done,high,29.67,34.94,2026-03-13,2026-03-10,2026-02-18 09:00:00
396,12,8,数据查询 Agent 平台-权限控制-396,done,urgent,12.27,9.16,2026-05-01,2026-04-28,2026-04-21 09:00:00
397,3,14,智能考勤分析系统-需求梳理-397,review,high,5.66,4.46,2026-01-05,,2025-12-10 09:00:00
398,6,56,数据质量监控平台-页面联调-398,in_progress,high,24.35,15.51,2026-02-14,,2026-02-01 09:00:00
399,12,41,数据查询 Agent 平台-页面联调-399,in_progress,urgent,12.08,4.84,2026-06-21,,2026-06-13 09:00:00
400,6,42,数据质量监控平台-模型评估-400,done,low,25.57,33.44,2026-05-26,2026-05-24,2026-05-06 09:00:00
401,11,27,用户行为分析系统-数据同步-401,review,high,29.59,20.6,2026-04-02,,2026-03-12 09:00:00
402,4,49,项目进度管理平台-指标看板-402,in_progress,high,29.82,10.05,2026-02-12,,2026-02-06 09:00:00
403,2,11,设备使用监控系统-测试用例-403,in_progress,low,15.67,4.81,2026-01-24,,2026-01-11 09:00:00
404,5,56,会议纪要结构化系统-数据同步-404,in_progress,urgent,3.97,0.32,2026-01-18,,2025-12-30 09:00:00
405,1,50,科研工效分析平台-指标看板-405,todo,urgent,28.85,19.67,2026-01-06,,2025-12-15 09:00:00
406,9,10,知识库问答系统-接口开发-406,in_progress,high,17.82,8.17,2026-05-27,,2026-05-17 09:00:00
407,11,46,用户行为分析系统-权限控制-407,done,low,10.42,15.3,2026-05-25,2026-05-25,2026-05-17 09:00:00
408,3,14,智能考勤分析系统-模型评估-408,in_progress,medium,27.92,7.75,2026-02-05,,2026-01-22 09:00:00
409,11,12,用户行为分析系统-需求梳理-409,done,medium,28.25,36.84,2026-06-29,2026-06-28,2026-06-15 09:00:00
410,9,42,知识库问答系统-页面联调-410,blocked,urgent,24.74,23.16,2026-03-24,,2026-03-01 09:00:00
411,8,33,任务协同分析平台-模型评估-411,todo,low,5.6,1.89,2026-04-26,,2026-04-13 09:00:00
412,3,14,智能考勤分析系统-部署配置-412,blocked,high,17.58,2.64,2026-02-23,,2026-01-27 09:00:00
413,7,28,实验室资源调度系统-部署配置-413,todo,high,14.11,11.55,2026-04-29,,2026-04-16 09:00:00
414,4,7,项目进度管理平台-部署配置-414,in_progress,urgent,25.72,14.39,2026-01-31,,2026-01-15 09:00:00
415,6,8,数据质量监控平台-指标看板-415,in_progress,high,17.03,7.7,2026-04-16,,2026-04-11 09:00:00
416,2,11,设备使用监控系统-日志分析-416,in_progress,urgent,21.58,10.71,2026-01-20,,2026-01-02 09:00:00
417,10,35,实时消息推送平台-模型评估-417,blocked,high,12.31,0.85,2026-05-18,,2026-05-12 09:00:00
418,2,31,设备使用监控系统-测试用例-418,done,high,28.32,34.86,2025-12-29,2025-12-28,2025-12-20 09:00:00
419,5,15,会议纪要结构化系统-测试用例-419,blocked,low,7.11,1.03,2026-03-16,,2026-02-20 09:00:00
420,9,1,知识库问答系统-模型评估-420,blocked,high,18.03,0.06,2026-06-11,,2026-05-17 09:00:00
